{"type":"FeatureCollection","features":[{"type":"Feature","properties":{},"geometry":{"type":"MultiLineString","coordinates":[[[115.981893,29.279195],[116.034396,29.319193],[116.088294,29.437222],[116.19759,29.751388]]]}},{"type":"Feature","properties":{},"geometry":{"type":"MultiLineString","coordinates":[[[111.477671,32.567806],[111.000078,32.740689]]]}},{"type":"Feature","properties":{},"geometry":{"type":"MultiLineString","coordinates":[[[97.288253,34.835445],[97.247791,34.889318],[97.193685,34.913115],[97.072039,34.930607]],[[97.76285,35.088091],[97.713654,34.961897],[97.659393,34.908877],[97.545912,34.875985]]]}},{"type":"Feature","properties":{},"geometry":{"type":"MultiLineString","coordinates":[[[72.781635,34.622538],[72.834759,34.371494],[72.847574,34.257961],[72.837963,34.198223],[72.801582,34.147658],[72.707015,34.085568]]]}},{"type":"Feature","properties":{},"geometry":{"type":"MultiLineString","coordinates":[[[78.997173,16.230302],[79.156853,16.235004],[79.210907,16.300737],[79.212664,16.429049],[79.238451,16.514755],[79.31333,16.579376]]]}},{"type":"Feature","properties":{},"geometry":{"type":"MultiLineString","coordinates":[[[83.857652,21.520134],[83.713165,21.673148],[83.63596,21.728235],[83.577979,21.7364],[83.528473,21.716737],[83.487545,21.669246],[83.425223,21.657903],[83.29965,21.695162]]]}},{"type":"Feature","properties":{},"geometry":{"type":"MultiLineString","coordinates":[[[73.30026,41.77621],[72.932427,41.789543],[72.770783,41.762361],[72.653685,41.667431]]]}},{"type":"Feature","properties":{},"geometry":{"type":"MultiLineString","coordinates":[[[81.294707,30.791661],[81.199313,30.852096]],[[76.764648,31.408626],[76.743564,31.333643],[76.714832,31.298452],[76.67132,31.277988],[76.595976,31.306358],[76.435056,31.422268]]]}},{"type":"Feature","properties":{},"geometry":{"type":"MultiLineString","coordinates":[[[70.355013,40.435362],[70.31853,40.37118],[70.186497,40.33051],[69.826984,40.272684]],[[68.455801,41.106768],[68.173183,41.129531],[68.050451,41.16524],[68.002702,41.212368],[67.990817,41.254717]],[[61.760189,46.021119],[61.562372,46.109537]]]}},{"type":"Feature","properties":{},"geometry":{"type":"MultiLineString","coordinates":[[[112.904871,29.031381],[112.801156,28.927227],[112.692636,28.87431],[112.544738,28.83793],[112.351313,28.860978],[111.992885,28.984717]],[[112.993548,29.147446],[113.070752,29.389188]]]}},{"type":"Feature","properties":{},"geometry":{"type":"MultiLineString","coordinates":[[[68.212095,37.021513],[68.067815,36.949812],[67.95795,36.972007],[67.834444,37.064198],[67.766024,37.140111],[67.752898,37.199797],[67.699982,37.227263],[67.607378,37.222509],[67.546503,37.23566],[67.517254,37.266666],[67.441703,37.257985],[67.319747,37.20959],[67.195465,37.235195],[67.068857,37.334827],[66.827684,37.371311],[66.47184,37.344723],[66.108451,37.414771],[65.737414,37.581531],[65.480169,37.680465],[65.336818,37.711652],[65.220443,37.797383],[65.131043,37.937633],[64.907387,38.08765],[64.549476,38.247381],[64.272284,38.432228],[64.076017,38.642138],[63.953182,38.799544],[63.903883,38.904499],[63.723687,39.048625],[63.412698,39.231973],[63.198448,39.330261],[63.081142,39.343542],[63.014376,39.400179],[62.998357,39.500173],[62.896967,39.607867],[62.710209,39.723209],[62.57306,39.8447],[62.441595,40.036213],[62.375035,40.33206],[62.298038,40.467504],[62.188484,40.541195],[62.095001,40.683305],[62.01759,40.893783],[61.953562,41.030597],[61.902816,41.093694],[61.799877,41.163431],[61.644537,41.23986],[61.496949,41.276086],[61.357113,41.272106],[61.263062,41.300089],[61.215003,41.359982],[61.030621,41.48677],[60.710021,41.680402],[60.526983,41.824579],[60.481508,41.919199],[60.420064,41.977541],[60.342653,41.999607],[60.291132,42.040277],[60.265603,42.099601],[60.202558,42.163525],[60.102203,42.232048],[59.94955,42.291372],[59.744808,42.341499],[59.586679,42.416274],[59.475161,42.515777],[59.387001,42.574042],[59.322199,42.591096],[59.299564,42.63223],[59.319305,42.697394],[59.297962,42.744006],[59.23564,42.772015],[59.210267,42.807852],[59.221843,42.851519],[59.203756,42.904074],[59.156007,42.965543],[59.138954,43.025591],[59.152596,43.084244],[59.140608,43.152353],[59.102884,43.229894],[59.093375,43.287694],[59.096656,43.294364]],[[59.098543,43.291725],[59.096656,43.294364]],[[59.096656,43.294364],[59.112082,43.325728],[59.098336,43.378593],[59.052137,43.446237],[59.035911,43.497862],[59.049554,43.533364],[59.105571,43.561192],[59.203859,43.581268],[59.255433,43.63297],[59.260083,43.716221],[59.210732,43.805492],[59.107276,43.900732],[59.081593,43.971037],[59.133786,44.016358],[59.255123,44.066303],[59.540997,44.148262]],[[59.096656,43.294364],[59.004595,43.423138],[58.99302,43.525716],[59.032397,43.643176],[59.018858,43.732008],[58.952195,43.792108],[58.831066,43.838746],[58.655469,43.871844],[58.5701,43.948119],[58.575164,44.067491],[58.51217,44.201953],[58.315748,44.426333]]]}},{"type":"Feature","properties":{},"geometry":{"type":"MultiLineString","coordinates":[[[97.51904,25.701016],[97.507981,25.689647],[97.514906,25.667943],[97.505708,25.589756],[97.448967,25.416743],[97.393776,25.336955],[97.34024,25.350443],[97.292077,25.310032],[97.249289,25.215722],[97.249703,25.152496],[97.293214,25.120353],[97.289804,25.099812],[97.239367,25.090924],[97.216113,25.064104],[97.219937,25.019352],[97.195649,24.981008],[97.116998,24.932975],[97.055451,24.835306],[97.055089,24.754923],[97.095397,24.659244],[97.117101,24.55168],[97.120098,24.432204],[97.142474,24.34699],[97.184074,24.295933],[97.197768,24.251543],[97.183402,24.213716],[97.114465,24.178163],[96.990907,24.144806],[96.892412,24.168706],[96.818721,24.249838],[96.737072,24.307199],[96.647259,24.340788],[96.561269,24.343941],[96.479104,24.316656],[96.402209,24.251285],[96.330792,24.14788],[96.291363,24.058635],[96.280356,23.946084],[96.085226,23.65282],[96.006368,23.358549],[95.978669,22.965575],[95.948903,22.753599],[95.917174,22.722696],[95.923479,22.662751],[95.968024,22.573765],[95.98363,22.495113],[95.970401,22.426693],[95.976034,22.377342],[96.000477,22.347008],[96.019907,22.229755],[96.03417,22.025555],[96.009365,21.906673],[95.945648,21.873032],[95.87945,21.875048],[95.810824,21.91272],[95.710365,21.928016],[95.578073,21.920988],[95.480715,21.871378],[95.41829,21.779188],[95.372866,21.66581],[95.344393,21.531193],[95.314937,21.457554],[95.269152,21.438433],[95.173499,21.345028],[95.061051,21.286505],[94.899924,21.231728],[94.819618,21.146358],[94.820135,21.030345],[94.793573,20.932728],[94.739933,20.853508],[94.761121,20.701631],[94.857135,20.477097],[94.907468,20.304704],[94.912119,20.184453],[94.956096,20.070817],[95.081153,19.910361],[95.140374,19.844887],[95.169416,19.710348],[95.187916,19.484935],[95.176754,19.277118],[95.135723,19.086871],[95.139754,18.945201],[95.18864,18.85208],[95.179803,18.770896],[95.11314,18.701649],[95.075623,18.640723],[95.067252,18.588065],[95.143009,18.479027],[95.302896,18.313508],[95.399686,18.181345],[95.433483,18.082514],[95.452293,17.95632],[95.454877,17.856094],[95.45622,17.802764],[95.472498,17.743672],[95.485056,17.698067],[95.538696,17.642179],[95.561123,17.585697],[95.552338,17.52862],[95.58014,17.479786],[95.644736,17.43922],[95.654968,17.389843],[95.610836,17.331656],[95.60324,17.254399],[95.632075,17.158074],[95.625099,17.086167],[95.582311,17.038624],[95.573836,16.977155],[95.599571,16.901734],[95.54314,16.8375],[95.481438,16.813909],[95.404337,16.784428],[95.330647,16.720969],[95.321965,16.647098],[95.236285,16.520336],[94.992373,16.250791],[94.95222,16.209812],[94.893154,16.182837]]]}},{"type":"Feature","properties":{},"geometry":{"type":"MultiLineString","coordinates":[[[114.837673,0.564772],[114.871469,0.458422],[114.852556,0.416357],[114.792094,0.403335],[114.73618,0.354862],[114.658873,0.228979],[114.659338,0.183245],[114.637168,0.159319],[114.592417,0.142059],[114.52162,0.144643],[114.424778,0.16707],[114.349331,0.174098],[114.295484,0.16552],[114.25869,0.142886],[114.239157,0.106195],[114.218589,0.094],[114.191614,0.04067],[114.220863,-0.003772],[114.275743,-0.044803],[114.24851,-0.109554],[114.139111,-0.198179],[114.07865,-0.287269],[114.067384,-0.376824],[114.139989,-0.502553],[114.296517,-0.6643],[114.427465,-0.736854],[114.532782,-0.720111],[114.585957,-0.688175],[114.587094,-0.641046],[114.638615,-0.617998],[114.740676,-0.619032],[114.823565,-0.662078],[114.887282,-0.747138],[114.922732,-0.824549],[114.92976,-0.894364],[114.904232,-0.944593],[114.846251,-0.975341],[114.836123,-1.025157],[114.87395,-1.094041],[114.863925,-1.162771],[114.80615,-1.231242],[114.806512,-1.28049],[114.865113,-1.310462],[114.886145,-1.3856],[114.861237,-1.566054],[114.796435,-1.770899],[114.791268,-1.84335],[114.824134,-1.851825],[114.852866,-1.891305],[114.877464,-1.961999],[114.875914,-2.036981],[114.848112,-2.116356],[114.852659,-2.221725],[114.889349,-2.353086],[114.864958,-2.505118],[114.779382,-2.677821],[114.75158,-2.803084],[114.781656,-2.880909],[114.786513,-2.945815],[114.766359,-2.997698],[114.716027,-3.052061],[114.635515,-3.108906],[114.584045,-3.189934],[114.525547,-3.376693]]]}},{"type":"Feature","properties":{},"geometry":{"type":"MultiLineString","coordinates":[[[89.739257,24.330195],[89.713832,24.135142],[89.707941,23.962414],[89.744424,23.858673],[89.867518,23.720258],[89.993918,23.621039],[90.074378,23.573419],[90.266976,23.459395]],[[89.739257,24.330195],[89.80871,24.171807],[89.922915,24.082096],[90.115668,23.971147],[90.214111,23.869086],[90.218142,23.775939],[90.243929,23.73465],[90.291368,23.745269],[90.355446,23.708682],[90.476266,23.582979],[90.561635,23.537091]],[[95.396482,28.002916],[95.443766,27.883621],[95.369197,27.805745],[95.188536,27.729471],[95.116499,27.698284],[95.10358,27.683401],[95.108541,27.678466],[95.122081,27.675779],[95.137273,27.665573],[95.138514,27.644049],[95.083737,27.615059],[94.972322,27.586017],[94.877961,27.543229],[94.80055,27.486617],[94.725206,27.412927],[94.651722,27.322105],[94.630431,27.278025],[94.597461,27.234049],[94.567024,27.188883],[94.558859,27.130541],[94.517673,27.072301],[94.443362,27.014191],[94.335048,26.951895],[94.192732,26.885388],[94.119506,26.867223],[94.023026,26.867353],[93.751622,26.732038],[93.403271,26.738678],[93.245192,26.717543],[93.161167,26.670827],[93.008514,26.635635],[92.787029,26.612045],[92.655926,26.579567],[92.615102,26.538225],[92.54384,26.521431],[92.442141,26.529285],[92.312433,26.494921],[92.154716,26.418388],[92.071104,26.360924],[92.061699,26.322502],[91.965787,26.270464],[91.643843,26.163881],[91.546795,26.14781],[91.436259,26.150652],[91.250379,26.183208],[91.1524,26.204706],[91.052251,26.191528],[90.917169,26.150807],[90.759763,26.155045],[90.579929,26.204292],[90.356067,26.174346],[90.088176,26.065231],[89.8901,25.901262],[89.761839,25.68236],[89.698949,25.490124],[89.701429,25.324553],[89.680139,25.168412],[89.621228,25.026328],[89.612649,24.948374],[89.619574,24.894863],[89.729128,24.649297],[89.749902,24.41143],[89.739257,24.330195]]]}},{"type":"Feature","properties":{},"geometry":{"type":"MultiLineString","coordinates":[[[103.850747,28.668044],[103.942317,28.62678],[104.093729,28.620656],[104.335472,28.635901],[104.492155,28.678715],[104.563675,28.74915],[104.620364,28.779355],[104.650491,28.795374],[104.752759,28.81744],[104.833426,28.81558],[104.892544,28.789793],[104.939466,28.793049],[104.985354,28.790465],[105.011606,28.777675],[105.042664,28.745739],[105.091343,28.724371],[105.127981,28.732148],[105.152579,28.769045],[105.208648,28.786486],[105.296188,28.784522],[105.351017,28.805064],[105.373031,28.848162],[105.423777,28.877075],[105.503049,28.891829],[105.547077,28.91467],[105.576533,28.921853],[105.619476,28.905885],[105.673271,28.897668],[105.741277,28.918028],[105.784685,28.906091],[105.803392,28.861753],[105.828921,28.838705],[105.861063,28.836948],[105.881579,28.852193],[105.890364,28.884335],[105.875739,28.914721],[105.837809,28.943247],[105.834295,28.979989],[105.865197,29.024844],[105.945761,29.058097],[106.075882,29.079698],[106.146317,29.125199],[106.156963,29.194652],[106.252977,29.274079],[106.434155,29.363479],[106.518129,29.426215],[106.504797,29.462388],[106.522728,29.516467],[106.571821,29.588504],[106.617503,29.611552],[106.659671,29.58561],[106.721114,29.577833],[106.801833,29.588168],[106.894282,29.649973],[106.998358,29.763248],[107.083676,29.787071],[107.150132,29.721494],[107.23731,29.698601],[107.345107,29.718341],[107.418798,29.770948],[107.458278,29.856369],[107.530109,29.890476],[107.634185,29.873267],[107.841718,30.043386],[108.308149,30.579529],[108.391245,30.691848],[108.418323,30.755436],[108.417238,30.807681],[108.443076,30.853363],[108.495838,30.89243],[108.7567,30.936484],[109.460017,31.01002],[109.54549,31.034488],[109.598096,31.031259],[109.646362,31.008495],[109.74155,31.016195],[109.883867,31.054358],[109.984119,31.06136],[110.042513,31.037124],[110.142662,31.031853],[110.284669,31.045496],[110.47365,31.019657],[110.827582,30.921705],[110.970932,30.852226],[111.045036,30.834914],[111.097746,30.846696],[111.158931,30.828558],[111.228488,30.78055],[111.308586,30.673218],[111.399227,30.506562],[111.465269,30.41773],[111.506713,30.406749],[111.520459,30.384347],[111.506507,30.350603],[111.512295,30.318201],[111.537823,30.287196],[111.570792,30.287221],[111.612288,30.310889],[111.735588,30.389334],[111.818271,30.425998],[111.860335,30.420831],[111.910513,30.386673],[111.968701,30.323421],[112.058101,30.292725],[112.178765,30.294559],[112.246927,30.277506],[112.26274,30.241565],[112.252094,30.190767],[112.214991,30.125138],[112.251836,30.067674],[112.362527,30.018375],[112.405573,29.926907],[112.380975,29.793324],[112.409707,29.738495],[112.491873,29.762421],[112.543653,29.792342],[112.569388,29.784151],[112.593417,29.765677],[112.604476,29.752448],[112.628712,29.752448],[112.631968,29.764928],[112.657031,29.787975],[112.706537,29.799396],[112.738938,29.785521],[112.732323,29.772292],[112.744674,29.753688],[112.781881,29.743947],[112.81883,29.73741],[112.884614,29.760277],[112.94182,29.740252],[112.955101,29.69072],[112.939908,29.668577],[112.916963,29.599641],[112.924095,29.529981],[112.950605,29.507708],[112.988587,29.505202],[113.016544,29.494376],[113.030962,29.480836],[113.052666,29.46908],[113.096849,29.456445],[113.1277,29.462776]]]}},{"type":"Feature","properties":{},"geometry":{"type":"MultiLineString","coordinates":[[[72.138781,31.183317],[72.139194,31.116344],[72.103124,31.047769],[71.994603,30.908966],[71.771464,30.614152],[71.678602,30.582888],[71.576748,30.508422],[71.434844,30.380265],[71.316298,30.206167],[71.22111,29.986025],[71.173,29.829161],[71.17207,29.735524],[71.130625,29.649457],[71.048666,29.570909],[71.017195,29.504969],[71.036109,29.451588],[71.035127,29.392005],[71.014146,29.326246],[70.98743,29.274803],[70.95508,29.237751],[70.911672,29.220568],[70.857412,29.223333],[70.797364,29.177909],[70.731528,29.084375],[70.683779,29.037401],[70.611639,29.023112]],[[77.435615,32.293094],[77.133928,32.45696],[76.939831,32.593256],[76.767439,32.671081],[76.552051,32.735883],[76.43733,32.841742],[76.423377,32.988633],[76.338111,33.122397],[76.181531,33.24301],[76.020197,33.323238],[75.853903,33.363106],[75.759438,33.370935],[75.736597,33.346802],[75.746002,33.305254],[75.78755,33.246343],[75.801503,33.201695],[75.78786,33.171309],[75.676652,33.152085],[75.46788,33.143946],[75.308303,33.173505],[75.197922,33.24071],[75.121958,33.246395],[75.080306,33.190507],[74.999226,33.170275],[74.878613,33.185675],[74.808695,33.122991],[74.789471,32.982328],[74.582766,32.7888],[74.188475,32.542458],[73.843689,32.371306],[73.548204,32.275369],[73.335193,32.146048],[73.139133,31.902084],[72.974337,31.758217],[72.853569,31.699254],[72.721794,31.67724],[72.582319,31.621662],[72.435042,31.532572],[72.333859,31.45715],[72.278772,31.395422],[72.246991,31.328476],[72.238413,31.256335],[72.210301,31.211015],[72.138574,31.183317]]]}},{"type":"Feature","properties":{},"geometry":{"type":"MultiLineString","coordinates":[[[100.070202,33.00566],[100.165184,32.895693],[100.240424,32.839055],[100.371269,32.779111],[100.508728,32.627182],[100.615905,32.546231],[100.738585,32.48564],[100.800804,32.426884],[100.802457,32.369962],[100.842455,32.326089],[100.921003,32.295264],[100.969837,32.212091],[100.998828,32.008796],[101.214318,31.836558],[101.422264,31.799661],[101.694393,31.840615],[101.879498,31.823458],[101.977373,31.748192],[102.038971,31.646363],[102.064189,31.517999],[102.054784,31.432294],[102.010756,31.389195],[102.003728,31.350386],[102.0337,31.315763],[102.009619,31.257576],[101.931587,31.175772],[101.887352,31.104949],[101.875518,30.984982],[101.882443,30.924728],[101.928177,30.845818],[102.012719,30.748149],[102.058401,30.655493],[102.065326,30.567747],[102.102326,30.446307],[102.169402,30.291123],[102.19493,30.174799],[102.178704,30.097362],[102.18506,30.032095],[102.213896,29.978997],[102.212914,29.8396],[102.182115,29.6138],[102.206196,29.439159],[102.285054,29.315653],[102.397295,29.2778],[102.61568,29.349501],[102.759702,29.313017],[102.8182,29.279402],[102.839232,29.23651],[102.876801,29.23713],[102.931061,29.281262],[102.979482,29.288264],[103.022063,29.258111],[103.060924,29.258214],[103.096167,29.288497],[103.150841,29.289169],[103.225152,29.260126],[103.277862,29.261263],[103.309074,29.292528],[103.35889,29.310821],[103.427413,29.316144],[103.50591,29.291546],[103.594483,29.237027],[103.644299,29.236097],[103.655358,29.288704],[103.639235,29.321156],[103.595879,29.333352],[103.569213,29.359604],[103.559188,29.399911],[103.594638,29.454792],[103.641767,29.495228],[103.676804,29.525175],[103.71923,29.537035]]]}},{"type":"Feature","properties":{},"geometry":{"type":"MultiLineString","coordinates":[[[94.356029,29.309529],[94.525734,29.438746],[94.641025,29.484299],[94.758537,29.48926],[94.843958,29.521196],[94.897391,29.580107],[94.91894,29.636176],[94.908657,29.689403],[94.958783,29.728082],[95.069267,29.752189],[95.125491,29.793246],[95.127713,29.851227],[95.17076,29.875954],[95.254579,29.867428],[95.294473,29.850194],[95.290339,29.824201],[95.312198,29.801179],[95.36005,29.781128],[95.395139,29.691082],[95.417566,29.53104],[95.385217,29.41035],[95.29809,29.329063],[95.19112,29.258369],[95.064306,29.19827],[94.944004,29.089801],[94.830315,28.93286],[94.808921,28.846069],[94.879925,28.829352],[94.961005,28.750597],[95.052266,28.609753],[95.096552,28.505961],[95.093865,28.439143],[95.067614,28.375917],[95.017901,28.316256],[95.002708,28.258224],[95.022242,28.201819],[95.087767,28.172234],[95.199388,28.169444],[95.290546,28.126759],[95.396482,28.002916]]]}},{"type":"Feature","properties":{},"geometry":{"type":"MultiLineString","coordinates":[[[90.325371,47.650167],[90.283823,47.4909],[90.25261,47.430387],[90.20052,47.408011],[90.132411,47.40119],[90.063991,47.355714],[89.972524,47.26926],[89.872323,47.212958],[89.763286,47.186732],[89.654507,47.125909],[89.54609,47.030411],[89.40553,46.990181],[89.233034,47.005219],[89.032426,47.061469],[88.80381,47.158982],[88.51499,47.233035],[88.165968,47.283729],[87.847279,47.348221],[87.559028,47.426563],[87.386997,47.495396],[87.33129,47.55472],[87.265713,47.580197],[87.190162,47.571825],[87.100245,47.590765],[86.943562,47.660114],[86.607251,47.832352],[86.433412,47.877595],[86.310112,47.853307],[86.154152,47.875657],[85.965637,47.944645],[85.792314,47.980198],[85.634081,47.982317],[85.543647,47.994383],[85.520806,48.016449],[85.448873,48.019188],[85.267075,47.994383]]]}},{"type":"Feature","properties":{},"geometry":{"type":"MultiLineString","coordinates":[[[114.412479,24.707045],[114.479607,24.708311],[114.529888,24.735441],[114.613707,24.815566],[114.730083,24.881918],[114.762019,24.953154],[114.748273,25.051443],[114.782586,25.112576],[114.864751,25.136657],[114.899065,25.19593],[114.885422,25.29042],[114.929915,25.429895],[115.032545,25.614302],[115.089544,25.746336],[115.101016,25.826021],[115.068408,25.863745],[114.991824,25.859507],[114.939889,25.881547],[114.912707,25.929865],[114.90878,25.991876],[114.937925,26.105435],[114.904129,26.125486],[114.908056,26.152797],[114.938545,26.19406],[114.946245,26.237417],[114.931259,26.282892],[114.861858,26.369321],[114.738144,26.496729],[114.716595,26.614422],[114.797314,26.7224],[114.878911,26.788546],[114.96149,26.812731],[114.995079,26.848801],[114.979783,26.896705],[114.988361,26.942077],[115.020711,26.984968],[115.021383,27.031942],[114.990273,27.082998],[115.008515,27.138473],[115.076005,27.19834],[115.098226,27.284071],[115.075074,27.395692],[115.130265,27.512378],[115.263693,27.634179],[115.368648,27.785281],[115.445026,27.965787],[115.577008,28.109938],[115.764593,28.217787],[115.848257,28.316696],[115.817768,28.451675],[115.816373,28.585],[115.868773,28.715612],[115.974503,28.888004],[116.015999,29.050423],[115.981893,29.279195]]]}},{"type":"Feature","properties":{},"geometry":{"type":"MultiLineString","coordinates":[[[89.483148,22.27554],[89.425271,22.495526],[89.372147,22.58118],[89.299697,22.618852]],[[89.299697,22.618852],[89.260785,22.573558],[89.255462,22.445349],[89.286468,22.307579],[89.35375,22.160301],[89.378555,22.058085],[89.3522,21.972303],[89.350547,21.885641],[89.335819,21.788386],[89.35375,21.721103]],[[88.439749,22.986478],[88.385024,22.867958],[88.34668,22.735253],[88.343786,22.629265],[88.290043,22.549399],[88.185346,22.495604],[88.117547,22.410234],[88.087058,22.217714]],[[88.439749,22.986478],[88.518453,22.975342],[88.597931,22.974774],[88.682164,22.953793],[88.756268,22.914984],[88.82045,22.858373],[88.842619,22.802846],[88.822878,22.748328],[88.845254,22.700243],[88.909643,22.65854],[88.971448,22.510926],[89.049945,22.274636],[89.055836,22.186243],[89.051443,22.093174]],[[90.074378,23.573419],[90.096031,23.340307],[90.127243,23.25194],[90.180883,23.205922],[90.228426,23.178482],[90.243619,23.138252],[90.265219,23.115592],[90.298757,23.088074],[90.302116,23.05451],[90.315242,23.015598],[90.361648,22.961054],[90.361338,22.875865],[90.394307,22.774838],[90.435028,22.751919]],[[89.109373,23.991921],[89.218565,23.80847],[89.301764,23.732505],[89.381242,23.6938],[89.447181,23.640185],[89.499581,23.571662],[89.520045,23.524766],[89.508676,23.499444],[89.526866,23.483373],[89.574719,23.476552],[89.598335,23.443091],[89.597818,23.383043],[89.615026,23.336974],[89.632493,23.301084],[89.637557,23.252483],[89.659727,23.222924],[89.709491,23.192331],[89.718638,23.133394],[89.765353,23.020068],[89.926274,22.840182],[90.007561,22.685231],[90.013555,22.563481],[89.985133,22.466381]],[[89.109373,23.991921],[89.199755,23.932648],[89.280887,23.930788],[89.37995,23.901125],[89.497049,23.843558],[89.604019,23.823094],[89.749282,23.848054]],[[88.396961,24.389261],[88.510133,24.261388],[88.533749,24.208471],[88.526928,24.165554],[88.554213,24.128863],[88.615708,24.098478],[88.642993,24.059359],[88.636172,24.011584],[88.690225,23.967762],[88.805257,23.92792],[88.864426,23.855909],[88.867837,23.751729],[88.837193,23.665791],[88.772391,23.598095],[88.763709,23.530657],[88.811045,23.463478],[88.852799,23.440714],[88.884683,23.423454],[88.905509,23.389942],[88.925973,23.363484],[88.988915,23.332788],[89.001731,23.263361],[89.027517,23.186079],[89.088754,23.112595],[89.112938,23.04048],[89.099812,22.969684],[89.113455,22.892556],[89.153866,22.809125],[89.208436,22.748741],[89.268433,22.707503],[89.275512,22.702671],[89.270861,22.678952],[89.299697,22.618852]],[[88.396961,24.389261],[88.498557,24.346628],[88.642321,24.325957],[88.723505,24.274901],[88.742212,24.193407],[88.769755,24.144289],[88.806239,24.127494],[88.858277,24.131086],[88.925973,24.155063],[89.009637,24.108684],[89.109373,23.991921]],[[87.919833,24.825048],[87.940193,24.666014],[88.018845,24.542533],[88.174598,24.388796],[88.238056,24.234258],[88.209014,24.07897],[88.205397,23.944689],[88.226998,23.831414],[88.215422,23.739637],[88.183383,23.700104],[88.213717,23.636749],[88.271853,23.587346],[88.303789,23.542672],[88.344613,23.530321],[88.360736,23.460558],[88.352158,23.333356],[88.375206,23.255428],[88.429983,23.226774],[88.46688,23.18613],[88.486051,23.133524],[88.458715,23.027484],[88.439749,22.986478]],[[87.919833,24.825048],[87.946291,24.753166],[87.999363,24.661441],[88.079048,24.549923],[88.145452,24.485793],[88.225034,24.460626],[88.287149,24.479746],[88.337533,24.453857],[88.396961,24.389261]],[[79.840739,30.888477],[79.820276,30.836826],[79.828802,30.78701],[79.859498,30.72182],[79.864614,30.679006],[79.833918,30.648285],[79.744931,30.543201],[79.667107,30.522117],[79.570782,30.550022],[79.470219,30.515993],[79.313123,30.372074],[79.232094,30.30089],[79.158921,30.284767],[79.066523,30.300063],[78.939296,30.291846],[78.777238,30.260065],[78.668718,30.201361],[78.613838,30.115733],[78.519786,30.089817],[78.386565,30.12364],[78.281041,30.092892],[78.203113,29.997601],[78.17035,29.889132],[78.182856,29.767537],[78.139448,29.673073],[78.040126,29.605687],[78.022194,29.491844],[78.085549,29.331543],[78.106013,29.180881],[78.083586,29.03983],[78.098313,28.882113],[78.176035,28.620501],[78.242491,28.521722],[78.271016,28.443329],[78.283728,28.352378],[78.336852,28.253418],[78.430386,28.146422],[78.60314,28.026429],[78.855218,27.893492],[79.02482,27.824762],[79.111947,27.820214],[79.167499,27.786289],[79.19158,27.722985],[79.255142,27.680171],[79.358392,27.657795],[79.44619,27.620356],[79.51864,27.567775],[79.590574,27.466489],[79.661991,27.316498],[79.732787,27.217435],[79.838052,27.145243],[79.922491,27.12558],[79.998352,27.024862],[80.093851,26.836553],[80.237718,26.648038],[80.429851,26.459264],[80.543901,26.317309],[80.579764,26.222172],[80.651749,26.138353],[80.75996,26.065954],[80.868687,26.037532],[80.978138,26.05319],[81.122832,25.988776],[81.302769,25.844366],[81.394598,25.745509],[81.398215,25.692256],[81.45754,25.645851],[81.572572,25.606344],[81.648743,25.563608],[81.686053,25.517668],[81.755558,25.498935],[81.857154,25.50741],[81.906815,25.48692],[81.903249,25.412764],[82.042052,25.312357],[82.11998,25.284659],[82.183129,25.296234],[82.215168,25.272463],[82.217028,25.258924],[82.225865,25.243498],[82.239094,25.241302],[82.254494,25.245694],[82.274286,25.261766],[82.299866,25.260474],[82.318366,25.230192],[82.344979,25.226523],[82.379809,25.249364],[82.43562,25.235049],[82.512618,25.183579],[82.55215,25.183967],[82.563467,25.202777],[82.584965,25.218409],[82.619588,25.219701],[82.785934,25.144021],[82.878797,25.141618],[82.965096,25.187662],[83.016618,25.238796],[83.033258,25.294968],[83.07403,25.330134],[83.138936,25.344241],[83.159297,25.376539],[83.135215,25.426975],[83.138729,25.47152],[83.170045,25.510174],[83.241565,25.518856],[83.353497,25.497591],[83.439589,25.465707],[83.489251,25.444158],[83.513487,25.461779],[83.513487,25.497074],[83.518138,25.533842],[83.59958,25.584072],[83.669653,25.607016],[83.712751,25.590325],[83.752232,25.54162],[83.803392,25.518934],[83.86623,25.522318],[83.959093,25.577044],[84.081979,25.683187],[84.171018,25.7221],[84.226208,25.693833],[84.283517,25.701041],[84.342894,25.743752],[84.42847,25.747163],[84.539987,25.711247],[84.634142,25.708328],[84.710933,25.738326],[84.826688,25.747008],[84.981408,25.734399],[85.11897,25.682567],[85.23917,25.591565],[85.338492,25.543971],[85.412441,25.534798],[85.456107,25.53777],[85.500807,25.544901],[85.555119,25.543635],[85.617751,25.493741],[85.696609,25.473794],[85.78601,25.494568],[85.880061,25.462219],[85.978969,25.376694],[86.097825,25.323623],[86.236731,25.303004],[86.370728,25.340805],[86.499816,25.437104],[86.571026,25.447672],[86.584359,25.372534],[86.61676,25.315354],[86.668126,25.27608],[86.74285,25.279827],[86.840932,25.32662],[86.964956,25.320083],[87.115127,25.260241],[87.218584,25.266985],[87.275324,25.340366],[87.350462,25.382715],[87.443893,25.394006],[87.517635,25.366436],[87.571689,25.299981],[87.643726,25.25696],[87.733746,25.2374],[87.779325,25.193191],[87.780461,25.124358],[87.824335,25.064362],[87.911048,25.013202],[87.942415,24.955945],[87.918541,24.892641],[87.919833,24.825048]]]}},{"type":"Feature","properties":{},"geometry":{"type":"MultiLineString","coordinates":[[[81.738815,16.942248],[81.832556,16.669164],[81.855655,16.552943],[81.839429,16.502533],[81.79969,16.465326],[81.736334,16.441296],[81.706414,16.400033],[81.711736,16.334455]],[[81.738815,16.942248],[81.88816,16.776547],[82.034094,16.713037],[82.338675,16.706526]],[[73.652487,20.012784],[73.888648,19.990201],[73.98983,19.998883],[74.034686,20.031336],[74.083571,20.036348],[74.162946,20.002862],[74.422465,19.917673],[74.588967,19.834862],[74.748957,19.72598],[74.916906,19.652134],[75.092915,19.613325],[75.197405,19.57865],[75.246911,19.532865],[75.472789,19.425326],[75.591231,19.380135],[75.677531,19.361506],[75.76905,19.361402],[75.845531,19.37582],[75.905062,19.362591],[75.916586,19.325901],[75.940512,19.314119],[75.986711,19.332593],[76.011309,19.326288],[76.027432,19.310165],[76.091769,19.290968],[76.318991,19.257171],[76.347206,19.241255],[76.353304,19.202291],[76.337284,19.140279],[76.346637,19.123898],[76.367773,19.119867],[76.395885,19.111134],[76.426788,19.076872],[76.47309,19.072738],[76.534585,19.098835],[76.581713,19.086303],[76.614476,19.035221],[76.657264,19.001631],[76.710181,18.985508],[76.74775,18.996412],[76.769971,19.034265],[76.855599,19.070413],[77.004737,19.104881],[77.092897,19.108317],[77.120079,19.080748],[77.195526,19.089274],[77.319136,19.133923],[77.404816,19.120229],[77.452668,19.048243],[77.578914,18.965794],[77.783656,18.872931],[77.968347,18.870399],[78.132988,18.958171],[78.235359,18.984113],[78.27546,18.948249],[78.319385,18.945666],[78.367238,18.976387],[78.428836,18.979824],[78.50418,18.955898],[78.575494,18.966491],[78.642776,19.011501],[78.701171,19.027444],[78.750883,19.01424],[78.834806,19.0261],[78.952938,19.062997],[79.049625,19.033412],[79.124762,18.937372],[79.201037,18.870916],[79.317154,18.815622],[79.401025,18.843243],[79.496264,18.809214],[79.630933,18.722733],[79.727155,18.690074],[79.785032,18.711261],[79.821619,18.761853],[79.874484,18.801953],[79.925127,18.807405],[80.029048,18.743611],[80.1416,18.70152],[80.243609,18.709478],[80.318643,18.686147],[80.366495,18.631576],[80.39006,18.572613],[80.389336,18.509258],[80.40825,18.463034],[80.447007,18.43394],[80.472742,18.387612],[80.485455,18.32405],[80.540748,18.260565],[80.687509,18.165532],[80.839903,17.995543],[80.892148,17.864595],[80.895042,17.716051],[80.986044,17.621715],[81.165155,17.581614],[81.266802,17.543064],[81.29109,17.506064],[81.352068,17.482344],[81.449737,17.471802],[81.527975,17.447824],[81.586576,17.410359],[81.646624,17.279282],[81.738815,16.942248]]]}},{"type":"Feature","properties":{},"geometry":{"type":"MultiLineString","coordinates":[[[111.477671,32.567806],[111.602212,32.467579],[111.642157,32.407428],[111.638953,32.353994],[111.68479,32.265111],[111.779668,32.140881],[111.918575,32.064555],[112.101406,32.036184],[112.188946,31.965801],[112.181194,31.853457],[112.225429,31.771084],[112.321651,31.718684],[112.390484,31.656931],[112.431722,31.585824],[112.440403,31.496088],[112.416529,31.387697],[112.433582,31.307753],[112.520605,31.230497],[112.555848,31.21918],[112.571765,31.183084],[112.580136,31.118463],[112.568561,31.096345],[112.539467,31.077483],[112.523086,31.039036],[112.555848,30.938784],[112.598843,30.874808],[112.633725,30.847911],[112.632019,30.815355],[112.621943,30.786545],[112.604838,30.712984],[112.627265,30.67017],[112.688967,30.658077],[112.713048,30.62702],[112.707364,30.601182],[112.715942,30.575473],[112.753666,30.572036],[112.797177,30.56413],[112.848854,30.518758],[112.885647,30.515347],[112.972981,30.530927],[113.072613,30.474962],[113.209659,30.430443],[113.380914,30.406826],[113.511707,30.442845],[113.601934,30.538446],[113.672369,30.596634],[113.768798,30.62609],[113.801457,30.622343],[113.837992,30.630017],[113.860472,30.644435],[113.900469,30.636683],[113.925687,30.644331],[113.938555,30.659834],[113.964135,30.657406],[114.009403,30.614514],[114.096426,30.58635],[114.288456,30.572088]],[[106.398498,33.067723],[106.676207,33.142215],[106.831702,33.134102],[106.931024,33.101675],[107.026005,33.042221],[107.188838,33.063202],[107.419624,33.164617],[107.596048,33.200454],[107.718108,33.17074],[107.806578,33.177794],[107.861355,33.221642],[107.905486,33.234302],[107.938973,33.215699],[107.955974,33.17503],[107.956491,33.112191],[108.036331,33.062013],[108.195494,33.024444],[108.265671,32.964112],[108.247016,32.880991],[108.287685,32.810685],[108.387731,32.753221],[108.410778,32.734126],[108.410778,32.709167],[108.425144,32.665448],[108.512168,32.549771],[108.650919,32.506233],[108.71784,32.527576],[108.759078,32.599277],[108.782332,32.613513],[108.797732,32.617389],[108.818609,32.608811],[108.835765,32.602506],[108.854731,32.607571],[108.922168,32.635889],[109.063245,32.734591],[109.17497,32.774925],[109.257342,32.756864],[109.324728,32.778],[109.377231,32.838332],[109.487405,32.885538],[109.715505,32.934062],[109.739276,32.93675],[109.766768,32.934062],[110.140492,32.824896],[110.305133,32.806938],[110.366835,32.840993],[110.47458,32.843422],[110.628266,32.814225],[110.715341,32.815103],[110.735804,32.846161],[110.807841,32.848021],[110.931348,32.820684],[110.966901,32.787663],[110.968607,32.771075],[111.000078,32.740689]]]}},{"type":"Feature","properties":{},"geometry":{"type":"MultiLineString","coordinates":[[[61.604126,31.204426],[61.754091,31.013559],[61.816723,30.801789],[61.841941,30.505528],[62.030664,30.31014],[62.382787,30.215727],[62.684836,30.191801],[62.936707,30.238361],[63.194107,30.342179],[63.456933,30.503203],[63.663019,30.570021],[63.812157,30.542632],[63.907552,30.538291],[63.948996,30.556998],[64.001603,30.617408],[64.065372,30.719469],[64.120252,30.871863],[64.166451,31.074538],[64.235697,31.239179],[64.328198,31.365786],[64.370986,31.487613],[64.365818,31.577685],[64.39052,31.657448],[64.454598,31.727676],[64.640324,31.846894],[64.801244,31.999287],[64.932192,32.181499],[65.063554,32.288986],[65.195432,32.321748],[65.332478,32.486079],[65.474588,32.781979],[65.61985,32.963725],[65.842317,33.065088],[65.936575,33.120692],[66.01657,33.201643],[66.113619,33.326493],[66.1932,33.393311],[66.255109,33.402199],[66.309317,33.440853],[66.355723,33.509273],[66.452151,33.584824],[66.598602,33.667506],[66.727793,33.716289],[66.839724,33.731223],[66.959148,33.791736],[67.086066,33.89788],[67.171745,33.951804],[67.216084,33.953483],[67.232723,33.988598],[67.221665,34.057069],[67.228589,34.109288],[67.26621,34.157037],[67.497617,34.305555],[67.733985,34.394516],[68.211785,34.512958],[68.306818,34.492753],[68.37622,34.507403],[68.489288,34.571637]]]}},{"type":"Feature","properties":{},"geometry":{"type":"MultiLineString","coordinates":[[[106.517974,20.288891],[106.387078,20.348267],[106.328632,20.356251],[106.287807,20.339741],[106.270341,20.346769],[106.276335,20.377258],[106.264346,20.397773],[106.234374,20.408315],[106.195823,20.466451],[106.148591,20.572181],[106.108593,20.622928],[106.075831,20.61869],[106.023224,20.664811],[105.95098,20.761317],[105.908812,20.861001],[105.89672,20.96394],[105.835535,21.050912],[105.725154,21.122019],[105.626039,21.161577],[105.538189,21.169613],[105.477211,21.203202],[105.425948,21.292034],[105.325075,21.272965],[105.274742,21.301181],[105.241256,21.370427],[105.215521,21.389341],[105.197435,21.357973],[105.117801,21.429545],[104.976518,21.60403],[104.692349,21.874505],[104.051768,22.424161],[103.478883,22.902272],[103.160711,23.121199],[102.90636,23.240287],[102.614181,23.353407],[102.119173,23.514095],[101.892417,23.699381],[101.745035,23.85702],[101.601272,24.048817],[101.50722,24.208187],[101.462882,24.335104],[101.410172,24.434168],[101.349297,24.505326],[101.291833,24.540104],[101.237986,24.538451],[101.11758,24.655395],[100.930822,24.890936],[100.811656,25.003435],[100.760083,24.992893],[100.642415,25.021212],[100.458551,25.088443],[100.350702,25.150196],[100.302953,25.234636],[100.182857,25.44315]]]}},{"type":"Feature","properties":{},"geometry":{"type":"MultiLineString","coordinates":[[[106.943633,25.224688],[106.96265,25.222776],[106.97438,25.199961],[106.981925,25.134306],[107.019339,25.06059],[107.06285,25.02917],[107.155971,25.008706],[107.276584,24.874709],[107.315031,24.79642],[107.311672,24.72924],[107.362419,24.602607],[107.467322,24.41652],[107.541943,24.318361],[107.586281,24.308129],[107.60845,24.280637],[107.60845,24.235963],[107.577754,24.18886],[107.516259,24.139354],[107.494349,24.086566],[107.511919,24.030549],[107.547472,23.986262],[107.601112,23.953706],[107.643177,23.945412],[107.673769,23.961432],[107.73299,23.904898],[107.820944,23.77581],[107.901662,23.722015],[107.975146,23.743512],[108.039225,23.781546],[108.093692,23.836116],[108.131416,23.85658],[108.152293,23.843015],[108.22278,23.889214],[108.342772,23.995202],[108.452533,24.034606],[108.551855,24.007475],[108.631488,23.959623],[108.69133,23.8911],[108.758354,23.850017],[108.832665,23.836271],[108.864859,23.805679],[108.855041,23.75824],[108.873179,23.710491],[108.919275,23.662432],[108.998856,23.662845],[109.112028,23.711783],[109.191713,23.722532],[109.238015,23.69504],[109.281423,23.687598],[109.321834,23.700207],[109.368963,23.745941],[109.422603,23.824799],[109.469267,23.847227],[109.528643,23.796377]]]}},{"type":"Feature","properties":{},"geometry":{"type":"MultiLineString","coordinates":[[[97.288253,34.835445],[97.547049,34.875985]],[[97.76285,35.088091],[97.934415,35.082458],[98.028001,35.033779],[98.100865,34.940193],[98.197448,34.873866],[98.317751,34.834825],[98.382347,34.798186],[98.395783,34.746717],[98.40002,34.673646],[98.383587,34.630677],[98.347723,34.593393],[98.376042,34.531381],[98.468543,34.444565],[98.563421,34.389632],[98.660934,34.366585],[98.713179,34.380021],[98.720104,34.429966],[98.751936,34.460998],[98.808574,34.473142],[98.89167,34.461954],[99.001224,34.427511],[99.057551,34.300594],[99.060651,34.081176],[99.12318,33.915243],[99.245136,33.802795],[99.323788,33.748121],[99.359135,33.75117],[99.381459,33.77135],[99.390657,33.808583],[99.43882,33.81189],[99.525843,33.781298],[99.619894,33.774502],[99.720973,33.791478],[99.868354,33.743522],[100.062141,33.630661],[100.191435,33.603531],[100.256237,33.662209],[100.277942,33.708744],[100.329773,33.757371],[100.434366,33.798687],[100.58738,33.883255],[100.689493,33.926198],[100.740446,33.927516],[100.824678,33.877777],[100.941984,33.776957],[101.009163,33.764167],[101.026113,33.839356],[101.123368,33.826876],[101.300928,33.726727],[101.48071,33.677531],[101.662663,33.679366],[101.808908,33.611075],[101.919288,33.472686],[102.005071,33.387626],[102.066153,33.355794],[102.192967,33.371168],[102.38541,33.433696],[102.481631,33.483745],[102.481631,33.521288],[102.45016,33.557384],[102.387218,33.592007],[102.352544,33.638257],[102.329806,33.725099],[102.316008,33.745072],[102.285054,33.800263],[102.205989,33.897259],[102.103153,33.959168],[101.976442,33.985988],[101.83764,34.047328],[101.686848,34.143188],[101.517039,34.218532],[101.32842,34.273361],[101.210494,34.350462],[101.163262,34.449939],[101.086988,34.5127],[100.981671,34.538796],[100.912011,34.593418],[100.878215,34.676566],[100.814653,34.707546],[100.721429,34.686307],[100.629755,34.708166],[100.539734,34.77302],[100.455088,34.812552],[100.37592,34.826763],[100.307397,34.935542],[100.220477,35.24064],[100.258615,35.281723],[100.23629,35.338205],[100.166114,35.423781],[100.172315,35.542844],[100.254894,35.695393],[100.333855,35.773527],[100.409303,35.777248],[100.545884,35.869361],[100.743546,36.049841],[100.897852,36.14167],[101.008801,36.144848],[101.071175,36.135056],[101.084921,36.112266],[101.175716,36.088909],[101.343406,36.064879],[101.494818,36.085756],[101.629694,36.151489],[101.762502,36.151592],[101.893037,36.086015],[101.993496,35.997467],[102.063776,35.885898],[102.184595,35.844531],[102.355851,35.873366],[102.610306,35.860395],[102.947753,35.805567],[103.177196,35.811561],[103.298636,35.878327],[103.316774,35.931218],[103.231715,35.97026],[103.255589,36.039558],[103.388398,36.139112],[103.560222,36.157845],[103.771062,36.095678],[103.915962,36.068083],[103.995079,36.075059],[104.030632,36.104463],[104.022674,36.156295],[104.072232,36.228771],[104.179202,36.32184],[104.352111,36.427803],[104.59096,36.546607],[104.713485,36.627584],[104.719789,36.670734],[104.690385,36.7275],[104.62517,36.797935],[104.528431,36.850077],[104.400067,36.883899],[104.326583,36.945523],[104.307876,37.034923],[104.313871,37.093447],[104.352732,37.173881],[104.446059,37.19698],[104.520267,37.241319],[104.57556,37.306896],[104.691626,37.358599],[104.956932,37.415391],[104.99786,37.461486],[105.151959,37.482777],[105.432769,37.494714],[105.648983,37.521999],[105.800395,37.564736],[105.905298,37.660802],[105.963589,37.810251],[106.036866,37.915696],[106.125026,37.977088],[106.196392,38.064137],[106.250859,38.176895],[106.33783,38.281695],[106.457203,38.378485],[106.530997,38.49778],[106.559109,38.639528],[106.63993,38.7797],[106.773566,38.918297],[106.850667,39.016844],[106.871338,39.07529],[106.848703,39.183112],[106.782867,39.340261],[106.758683,39.482784],[106.776253,39.610657],[106.768191,39.760054],[106.717755,40.016317],[107.043162,40.28612],[107.14915,40.395519],[107.144189,40.434457],[107.173955,40.49988],[107.23855,40.591838],[107.37973,40.671213],[107.597701,40.738031],[107.719554,40.793453],[107.745496,40.837482],[107.86213,40.864534],[108.069559,40.874663],[108.190172,40.863268],[108.223968,40.83035],[108.290062,40.814667],[108.388558,40.816217],[108.475994,40.778131],[108.552579,40.70041],[108.650609,40.63199],[108.770188,40.572873],[108.884135,40.546724],[108.992448,40.553546],[109.134145,40.534761],[109.309122,40.490371],[109.449578,40.488821],[109.555411,40.53011],[109.63458,40.531893],[109.687186,40.494118],[109.835704,40.491327],[110.080237,40.523522],[110.303376,40.484041],[110.505224,40.372937],[110.674516,40.301856],[110.811459,40.270824],[110.918532,40.265708],[110.995995,40.286482],[111.125341,40.234625],[111.306726,40.110136],[111.406875,40.012545],[111.425788,39.9418],[111.416383,39.867438],[111.378453,39.789458],[111.385481,39.717886],[111.43726,39.652722],[111.433023,39.576215],[111.372561,39.488288],[111.284246,39.429532],[111.212261,39.413796],[111.16813,39.399921],[111.155831,39.370052],[111.155004,39.347444],[111.192262,39.296568],[111.199342,39.239569],[111.144875,39.124744],[111.081416,39.044051],[111.008863,38.997491],[110.980286,38.956279],[110.995685,38.920415],[110.970415,38.832204],[110.904476,38.691566],[110.877863,38.599789],[110.890575,38.556846],[110.797609,38.443028],[110.598965,38.258389],[110.503467,38.113255],[110.511012,38.00768],[110.584754,37.880737],[110.724591,37.732478],[110.782417,37.613777],[110.758129,37.524738],[110.718751,37.46469],[110.664078,37.433633],[110.64382,37.384153],[110.657773,37.316172],[110.609869,37.217005],[110.500005,37.086677],[110.427089,37.020583],[110.391019,37.018723],[110.384301,37.005132],[110.406729,36.979862],[110.407659,36.919168],[110.387092,36.823127],[110.392828,36.762924],[110.424971,36.738611],[110.428226,36.717036],[110.402595,36.698225],[110.416961,36.647738],[110.471428,36.565572],[110.485691,36.42881],[110.459852,36.237478],[110.490135,36.005658],[110.576434,35.733323],[110.579432,35.533697],[110.458715,35.343166],[110.366111,35.234232],[110.316295,35.1346],[110.278365,35.007993],[110.262035,34.867846],[110.26989,34.637266],[110.465227,34.59701],[110.618602,34.604193],[110.795284,34.645405],[110.890317,34.682586],[110.96995,34.724496],[111.026949,34.7462],[111.10126,34.794827],[111.243164,34.8302],[111.45266,34.852266],[111.588672,34.89942],[111.651408,34.971716],[111.736415,35.029903],[111.843799,35.074087],[112.117942,35.021584],[112.558742,34.872497],[112.856812,34.809013],[113.012151,34.831182],[113.155708,34.874797],[113.28769,34.939857],[113.398691,34.97417],[113.48897,34.977736],[113.617489,34.953732],[113.784404,34.902211],[113.900314,34.894589],[113.965323,34.930943],[114.156268,34.936059],[114.473147,34.909937],[114.681403,34.92761],[114.798192,34.977736],[114.830852,35.019775]],[[96.164187,35.129639],[96.747718,35.05321],[97.072039,34.930607]]]}},{"type":"Feature","properties":{},"geometry":{"type":"MultiLineString","coordinates":[[[114.837673,35.019775],[114.862374,35.061168],[114.865578,35.144599],[114.905472,35.228548],[115.01389,35.329523],[115.136053,35.406263],[115.272065,35.458818],[115.340381,35.502639],[115.341001,35.537779],[115.381981,35.597207],[115.463268,35.680923],[115.596386,35.758438],[115.781078,35.829777],[115.870892,35.880343],[115.865724,35.910056],[115.883294,35.938634],[115.923602,35.966022],[115.966183,35.976202],[116.035739,36.071029],[116.077804,36.109734],[116.115941,36.142962],[116.227149,36.201357],[116.450649,36.338506],[116.580822,36.439688],[116.592605,36.489504],[116.644074,36.56149],[116.735128,36.655696],[116.861942,36.726131],[117.024413,36.772898],[117.150503,36.86204],[117.24011,36.993608],[117.351783,37.081871],[117.485418,37.126752],[117.570943,37.175457],[117.608357,37.228012],[117.692899,37.256124],[117.824674,37.259845],[117.969678,37.290076],[118.127911,37.346868],[118.237517,37.430532],[118.298392,37.541068],[118.385157,37.603907],[118.497811,37.618944],[118.644882,37.67752],[118.826267,37.779581],[118.946053,37.823609],[119.03566,37.809165]]]}},{"type":"Feature","properties":{},"geometry":{"type":"MultiLineString","coordinates":[[[100.55007,-0.565547],[100.660244,-0.572161],[100.724426,-0.601875],[100.77941,-0.656755],[100.839509,-0.674946],[100.937333,-0.647092],[101.006631,-0.658512],[101.043166,-0.638359],[101.070038,-0.590403],[101.115358,-0.585545],[101.179127,-0.623786],[101.259225,-0.63593],[101.355602,-0.621926],[101.424176,-0.62668],[101.483346,-0.631641],[101.533679,-0.611177],[101.630727,-0.510098],[101.77046,-0.486068],[101.952878,-0.539037],[102.097107,-0.534696],[102.256322,-0.441988],[102.372387,-0.355792],[102.521319,-0.378219],[102.741874,-0.480746],[102.843366,-0.50648],[102.936539,-0.479247],[103.105314,-0.373724],[103.228666,-0.330729],[103.345558,-0.360081],[103.405192,-0.3622]]]}},{"type":"Feature","properties":{},"geometry":{"type":"MultiLineString","coordinates":[[[67.859972,23.902676],[67.925188,24.000758]],[[67.645825,23.919884],[67.711196,23.956626],[67.713831,24.000861],[67.713418,24.066387]],[[67.925188,24.000758],[67.99955,24.007114],[68.016603,23.990681],[68.02451,23.933682],[68.042441,23.891669],[68.037015,23.84826]],[[67.925188,24.000758],[67.924154,24.055948],[67.800751,24.058506],[67.760133,24.052847],[67.713418,24.066387]],[[67.713418,24.066387],[67.660759,24.10486]],[[79.734596,32.443937],[79.429808,32.744978]],[[79.43725,32.738131],[79.340822,32.880681],[79.220312,32.996462],[79.043682,33.132991],[78.90674,33.189034],[78.809484,33.164539],[78.639831,33.207792],[78.245488,33.397962],[78.183373,33.445297],[78.151644,33.493356],[78.150403,33.542139],[78.076919,33.620015],[77.931295,33.726934],[77.792131,33.857365],[77.659529,34.011206],[77.529769,34.106136],[77.339393,34.160137],[76.96691,34.287778],[76.782115,34.386299],[76.660778,34.498282],[76.529314,34.582644],[76.387617,34.639385],[76.285091,34.708321],[76.221529,34.789376],[76.196207,34.86118],[76.20892,34.923657],[76.141895,35.007579],[75.995031,35.112896],[75.902013,35.209531],[75.862843,35.297432],[75.791477,35.334588],[75.687815,35.320945],[75.567719,35.357093],[75.431086,35.442979],[75.352848,35.510856],[75.333108,35.560698],[75.263861,35.589663],[75.145212,35.597724],[75.000725,35.632347],[74.830399,35.693532],[74.740069,35.753477],[74.729734,35.812181],[74.701053,35.836366],[74.654028,35.826031],[74.631032,35.747534],[74.632065,35.600825],[74.575324,35.50003],[74.460809,35.445124],[74.34247,35.414583],[74.220307,35.408407],[74.058457,35.435874],[73.856919,35.496955],[73.6452,35.53101],[73.423302,35.538038],[73.301604,35.471169],[73.28021,35.330402],[73.1751,35.20426],[72.986377,35.092742],[72.885195,35.004479],[72.871656,34.939366],[72.894807,34.886346],[72.954648,34.845367],[72.944571,34.808883],[72.864473,34.776844],[72.813726,34.726253],[72.781635,34.622538]],[[72.706911,34.085543],[72.651617,34.031747],[72.591776,34.015495],[72.508991,34.018802],[72.410754,33.999837],[72.297169,33.958574],[72.238826,33.894934],[72.235726,33.808996],[72.197485,33.77197],[72.124104,33.783933],[72.071033,33.778972],[72.03827,33.757087],[71.985922,33.665465],[71.913885,33.504079],[71.839212,33.406333],[71.761801,33.372279],[71.721958,33.273783],[71.719685,33.110847],[71.650955,32.993878],[71.515666,32.922797],[71.424716,32.837686],[71.354539,32.688884],[71.3441,32.483547],[71.272994,32.311103],[71.070215,31.999081],[70.861081,31.569495],[70.800774,31.299692],[70.82899,30.919844],[70.769769,30.810755],[70.774523,30.716291],[70.823512,30.600096],[70.829506,30.485478],[70.792506,30.37241],[70.791524,30.211903],[70.826561,30.003957],[70.791886,29.825157],[70.687603,29.675502],[70.656649,29.550393],[70.699127,29.449882],[70.702331,29.35348],[70.666261,29.261237],[70.651223,29.176023],[70.657114,29.097862],[70.611639,29.023112],[70.51459,28.951799],[70.442967,28.915755],[70.396768,28.915005],[70.287369,28.83545],[70.114873,28.677113],[69.962014,28.575724],[69.828792,28.531282],[69.714949,28.444388],[69.620588,28.314965],[69.534908,28.24577],[69.458014,28.236881],[69.409438,28.212387],[69.389181,28.172389],[69.356315,28.156731],[69.310839,28.165413],[69.248931,28.141358],[69.17059,28.084539],[69.107286,28.057771],[69.05902,28.061052],[69.025896,28.040046],[69.007912,27.994777],[68.979852,27.975166],[68.941715,27.981264],[68.929467,27.955297],[68.94311,27.897316],[68.927607,27.853132],[68.883062,27.822746],[68.884457,27.792128],[68.931896,27.761277],[68.94988,27.736964],[68.938407,27.719187],[68.826476,27.677794],[68.762449,27.697793],[68.705192,27.759495],[68.66907,27.770502],[68.654084,27.730892],[68.573107,27.687742],[68.426242,27.641052],[68.337359,27.602502],[68.30656,27.572116],[68.300048,27.511189],[68.317722,27.419825],[68.297413,27.371405],[68.239019,27.365875],[68.194008,27.34213],[68.162279,27.300143],[68.160264,27.263091],[68.187859,27.230948],[68.174785,27.207616],[68.121041,27.193121],[68.098924,27.162942],[68.108536,27.117053],[68.063215,27.062018],[67.963066,26.997784],[67.910925,26.909779],[67.904724,26.742089],[67.890926,26.486859],[67.899556,26.368623],[67.925911,26.302219],[67.981928,26.24336],[68.067608,26.191993],[68.116804,26.140265],[68.129723,26.088124],[68.201553,25.99893],[68.332295,25.87271],[68.378803,25.794808],[68.340873,25.765249],[68.348108,25.728171],[68.400301,25.683549],[68.39844,25.620659],[68.342423,25.539423],[68.323096,25.443925],[68.340459,25.334165],[68.337152,25.261559],[68.313174,25.226057],[68.318549,25.191693],[68.353172,25.158413],[68.35157,25.138621],[68.313639,25.132265],[68.286199,25.089115],[68.269353,25.009223],[68.245065,24.978527],[68.213542,24.997053],[68.183466,24.973256],[68.154941,24.907162],[68.116494,24.872642],[68.068228,24.8698],[68.024613,24.760349],[67.985752,24.544342],[67.935626,24.430189],[67.874131,24.417993],[67.85005,24.395514],[67.863383,24.362777],[67.848655,24.343837],[67.80597,24.33867],[67.795893,24.317947],[67.818321,24.281671],[67.787108,24.239193],[67.702152,24.190513],[67.659261,24.145555],[67.658537,24.104369],[67.626705,24.077962],[67.532343,24.060521],[67.45395,24.039902]]]}},{"type":"Feature","properties":{},"geometry":{"type":"MultiLineString","coordinates":[[[94.703295,16.511938],[94.728306,16.673246],[94.744326,16.782929],[94.742259,16.90809],[94.795175,17.035162],[94.903076,17.164146],[94.953925,17.257267],[94.947724,17.314525],[94.977231,17.352481],[95.042447,17.371111],[95.120168,17.472371],[95.210344,17.656235],[95.304395,17.766254],[95.454877,17.856094],[95.482059,17.879788],[95.520092,17.907564],[95.574973,17.904153],[95.633057,17.809818],[95.694242,17.624532],[95.783022,17.438316],[95.899397,17.251092],[95.95557,17.129833],[95.951539,17.074488],[96.041921,16.969275],[96.089618,16.846672],[96.189095,16.768331]],[[95.481438,16.813909],[95.323464,16.328203],[95.236802,16.132995],[95.132519,16.024862],[95.098619,15.957812],[95.078362,15.839137]],[[95.599571,16.901734],[95.64918,16.767504],[95.71853,16.709394],[95.828911,16.653377],[95.871751,16.593329],[95.847049,16.52925],[95.845447,16.478064],[95.866841,16.439772],[95.909836,16.412306],[95.994275,16.390344],[96.042851,16.339933]],[[95.472498,17.743672],[95.405784,17.717937],[95.355968,17.665795],[95.296023,17.554174],[95.290752,17.502239],[95.322895,17.467668],[95.339587,17.431184],[95.335142,17.378784],[95.317004,17.347753],[95.27618,17.322819],[95.263467,17.301683],[95.252822,17.224014],[95.248171,17.178487],[95.213341,17.144277],[95.186056,17.077718],[95.166109,16.978706],[95.175101,16.903439],[95.213031,16.851917],[95.221713,16.79621],[95.175721,16.674409],[95.145128,16.610485],[95.106784,16.574234],[95.060586,16.565604],[95.01449,16.503412],[94.968291,16.387605],[94.907365,16.287792],[94.793728,16.162037],[94.74784,16.080414],[94.656217,15.988792]]]}},{"type":"Feature","properties":{},"geometry":{"type":"MultiLineString","coordinates":[[[99.398615,28.119602],[99.430655,27.842384],[99.494217,27.641905],[99.600153,27.425742],[99.726761,27.245624],[99.874142,27.101499],[99.954344,26.993676],[99.96747,26.922078],[99.996305,26.904301],[100.041057,26.940268],[100.063381,27.012124],[100.063381,27.119818],[100.10865,27.220535],[100.19929,27.314276],[100.231691,27.398586],[100.205956,27.473517],[100.218617,27.554132],[100.26957,27.64038],[100.296235,27.720686],[100.298405,27.794945],[100.329721,27.833702],[100.390079,27.836906],[100.42739,27.753655],[100.441756,27.583872],[100.472452,27.483956],[100.519477,27.45388],[100.545419,27.393005],[100.550173,27.301331],[100.522888,27.237588],[100.46346,27.201802],[100.449611,27.168962],[100.48134,27.139093],[100.485887,27.049719],[100.463253,26.900839],[100.437467,26.816606],[100.408425,26.796969],[100.410595,26.691239],[100.443978,26.499339],[100.44868,26.377563],[100.424806,26.325887],[100.428062,26.278784],[100.458551,26.236228],[100.581799,26.202794],[100.797703,26.178454],[100.960691,26.211036],[101.070761,26.30054],[101.200056,26.357255],[101.348677,26.381129],[101.446862,26.442469],[101.494611,26.541274],[101.590316,26.593364],[101.733873,26.598739],[101.841257,26.5544],[101.91226,26.460349],[101.940166,26.362629],[101.924869,26.26124],[101.899031,26.192717],[101.862754,26.157163],[101.847148,26.098356],[101.852212,26.016397],[101.912054,25.981464],[102.026672,25.993504],[102.125994,26.056859],[102.209813,26.171478],[102.330839,26.266227],[102.488866,26.341131],[102.582504,26.370174],[102.611649,26.35343],[102.622088,26.32382],[102.61382,26.281342],[102.635007,26.252351],[102.685547,26.236745],[102.752623,26.262945],[102.836132,26.330951],[102.905481,26.365006],[102.960672,26.365084],[102.990076,26.395159],[102.993693,26.455285],[103.011005,26.498073],[103.042114,26.523498],[103.018498,26.63331],[102.94026,26.827562],[102.89742,27.012667],[102.889978,27.188677],[102.903311,27.3127],[102.937521,27.384711],[102.969147,27.412022],[102.998292,27.394659],[103.046403,27.39807],[103.147017,27.434346],[103.200192,27.533669],[103.237451,27.572038],[103.276415,27.582529],[103.293003,27.600951],[103.28706,27.627255],[103.325921,27.670301],[103.409585,27.730039],[103.479245,27.813806],[103.534952,27.921552],[103.532317,27.992168],[103.471442,28.025602],[103.444415,28.065212],[103.45134,28.110998],[103.483947,28.161175],[103.589471,28.249956],[103.625541,28.263598],[103.663161,28.256673],[103.702435,28.229182],[103.761553,28.243031],[103.840515,28.298118],[103.858705,28.377028],[103.816227,28.479761],[103.808889,28.565337],[103.850747,28.668044]],[[98.54151,31.689797],[98.798962,31.437952],[98.855393,31.323075],[98.796843,31.261219],[98.73788,31.251865],[98.678556,31.295041],[98.637525,31.279848],[98.614891,31.206364],[98.653338,31.124948],[98.75297,31.035574],[98.798962,30.963382],[98.791211,30.90832],[98.83064,30.842381],[98.917146,30.765538],[98.94655,30.711252],[98.918955,30.679575],[98.942829,30.47659],[99.018277,30.102349],[99.038637,29.849134],[99.003911,29.716946],[99.014039,29.550755],[99.096412,29.250489],[99.145866,28.641198],[99.221365,28.360181],[99.398615,28.126423]]]}},{"type":"Feature","properties":{},"geometry":{"type":"MultiLineString","coordinates":[[[113.465044,1.201374],[113.233326,0.964644],[112.953809,0.854729],[112.793767,0.823464],[112.660131,0.834316],[112.53585,0.802329],[112.421025,0.727553],[112.251836,0.672001],[112.028284,0.63562],[111.949581,0.598672],[111.945446,0.546479],[111.916611,0.502554],[111.839716,0.462143],[111.820596,0.43],[111.826849,0.408089],[111.802199,0.374551],[111.735743,0.330058],[111.680501,0.321479],[111.64531,0.310937],[111.631822,0.272438],[111.618283,0.242259],[111.579526,0.241949],[111.555548,0.22071],[111.54175,0.157562],[111.500822,0.103612],[111.464959,0.098237],[111.403877,0.105885],[111.367497,0.089349],[111.329153,0.098237],[111.304039,0.102061],[111.281714,0.081597],[111.262594,0.088315],[111.231898,0.105885],[111.206422,0.088832],[111.156141,0.078704],[111.077282,0.091933],[111.024056,0.081701],[110.996564,0.047904],[110.932795,0.023306],[110.832646,0.007958],[110.772495,0.029042],[110.732497,0.046354],[110.696117,0.033125],[110.653122,0.043047],[110.613435,0.059583],[110.580362,0.059583],[110.567856,0.034313],[110.543982,0.019896],[110.516955,0.02279],[110.485484,-0.001602],[110.46502,-0.03793],[110.418304,-0.066094],[110.335312,-0.080822],[110.176872,-0.056172],[110.097756,-0.070073],[110.006547,-0.094619],[109.94717,-0.185156],[109.810176,-0.268976],[109.595719,-0.346128],[109.521925,-0.352485],[109.452575,-0.337292],[109.403173,-0.303805],[109.335683,-0.26696],[109.218584,-0.230632],[109.149648,-0.18557]]]}},{"type":"Feature","properties":{},"geometry":{"type":"MultiLineString","coordinates":[[[114.761915,1.760203],[114.8755,1.885363],[114.956115,1.932544],[115.084686,1.948874],[115.26142,2.011402],[115.360328,2.030884],[115.44022,2.028094],[115.49014,2.009852],[115.50988,1.976159],[115.552306,1.968821],[115.617315,1.987786],[115.693538,2.060753],[115.781078,2.18767],[115.84526,2.204155],[115.886291,2.11013],[115.958741,2.066282],[116.06287,2.072587],[116.141366,2.145761],[116.194386,2.285701],[116.326058,2.465586],[116.536484,2.685392],[116.656477,2.798486],[116.686191,2.804894],[116.719315,2.782104],[116.755799,2.730118],[116.811609,2.736319],[116.88654,2.800605],[116.982348,2.810087],[117.098827,2.764793],[117.16828,2.754561],[117.190708,2.779366],[117.229362,2.786652],[117.284242,2.77642],[117.341913,2.809054],[117.402168,2.884527],[117.460252,2.922251],[117.51198,2.928504],[117.569186,2.929279]]]}},{"type":"Feature","properties":{},"geometry":{"type":"MultiLineString","coordinates":[[[89.386927,40.632662],[88.919875,40.672401],[88.714513,40.689868],[88.422386,40.744438],[88.286477,40.815442],[88.126745,40.859677],[87.943087,40.877195],[87.787128,40.909984],[87.658867,40.958069],[87.528642,40.973727],[87.396661,40.956984],[87.258374,40.971143],[87.113991,41.016205],[87.0249,41.069121],[86.991104,41.129893],[86.899017,41.204824],[86.748535,41.293862],[86.597846,41.314507],[86.371607,41.242806]]]}},{"type":"Feature","properties":{},"geometry":{"type":"MultiLineString","coordinates":[[[79.31333,16.579376],[79.657185,16.69017],[79.818415,16.702934],[79.911536,16.654617],[79.993081,16.677871],[80.062948,16.772672],[80.121497,16.768176],[80.16873,16.664332],[80.261902,16.607359],[80.400912,16.59723],[80.523592,16.553202],[80.629838,16.475325],[80.716552,16.393212],[80.783834,16.306964],[80.833754,16.201285],[80.882743,16.0137],[80.892458,15.970963],[80.891631,15.865957],[80.877575,15.819655],[80.86476,15.782215]],[[73.796457,17.991822],[73.897691,17.930663],[73.962028,17.854311],[74.053702,17.68644],[74.117988,17.632748],[74.127393,17.578746],[74.103312,17.506529],[74.120985,17.423226],[74.180206,17.328839],[74.204288,17.255278],[74.193125,17.202568],[74.232193,17.157299],[74.321593,17.119446],[74.369497,17.083299],[74.376008,17.04883],[74.395697,17.033793],[74.428563,17.038082],[74.456727,17.015758],[74.491919,16.942248],[74.53667,16.857731],[74.587313,16.808225],[74.658833,16.765592],[74.672269,16.733139],[74.627518,16.71097],[74.623435,16.667174],[74.659919,16.601778],[74.75428,16.595654],[74.906519,16.648777],[75.013334,16.63423],[75.074829,16.551962],[75.125988,16.540076],[75.167019,16.59847],[75.230685,16.621156],[75.316984,16.608082],[75.38313,16.579815],[75.428916,16.536304],[75.448811,16.492224],[75.442713,16.447549],[75.489946,16.43047],[75.590508,16.440961],[75.676963,16.421944],[75.74931,16.373368],[75.837986,16.338228],[75.942889,16.316575],[76.016477,16.278748],[76.058541,16.224772],[76.12417,16.187591],[76.213261,16.167231],[76.404877,16.227356],[76.699019,16.367916],[76.882057,16.470003],[76.953991,16.533668],[77.05724,16.527932],[77.258985,16.415355],[77.615707,16.348822],[77.844996,16.232239],[78.065654,16.043517],[78.193088,15.955977],[78.227298,15.96962],[78.244351,15.991944],[78.244351,16.023002],[78.283263,16.049718],[78.361088,16.072198],[78.497772,16.07119],[78.693419,16.046773],[78.805144,16.063619],[78.832946,16.121704],[78.884467,16.170641],[78.997173,16.230302]]]}},{"type":"Feature","properties":{},"geometry":{"type":"MultiLineString","coordinates":[[[96.941298,31.965543],[97.055192,31.691916],[97.120512,31.576574],[97.175185,31.528308],[97.206811,31.463093],[97.215183,31.380824],[97.203917,31.32522],[97.172808,31.296178],[97.167537,31.232564],[97.187898,31.134353],[97.242881,31.049707],[97.332282,30.978626],[97.377447,30.890311],[97.37817,30.784685],[97.495476,30.618338],[97.846255,30.277739],[97.962734,30.162397],[98.037251,30.046022],[98.108565,29.890166],[98.160655,29.810222],[98.193624,29.806243],[98.242355,29.762886],[98.306951,29.680204],[98.363278,29.568221],[98.411337,29.426938],[98.484408,29.307152],[98.582489,29.20876],[98.619438,29.125664],[98.59515,29.057865],[98.59329,29.008721],[98.623986,28.963116],[98.670081,28.772249],[98.726718,28.631844],[98.809297,28.478262],[98.863144,28.303854],[98.888517,28.108621],[98.938023,27.959482],[99.011714,27.85644],[99.035795,27.76828],[99.010267,27.695002],[99.005151,27.622862],[99.028095,27.516279],[99.088402,27.376805],[99.103646,27.308385],[99.093828,27.264512],[99.109744,27.215109],[99.151292,27.160177],[99.175477,27.071113],[99.182298,26.947916],[99.165245,26.801491],[99.124317,26.631889],[99.114085,26.530887],[99.134549,26.498435],[99.141267,26.379992],[99.134135,26.17556],[99.139303,26.021461],[99.156563,25.917746],[99.213355,25.792018],[99.309577,25.644275],[99.341255,25.521207],[99.308492,25.422764],[99.341255,25.315018],[99.439646,25.197997],[99.525481,25.129319],[99.598758,25.109062],[99.699682,25.017026],[99.828357,24.853289],[99.938634,24.7619],[100.030618,24.742883],[100.086532,24.717794],[100.106272,24.686581],[100.139707,24.689708],[100.186733,24.727199],[100.250656,24.747172],[100.331633,24.749652],[100.418346,24.682215],[100.510899,24.544859],[100.547692,24.387788],[100.528986,24.210977],[100.485164,24.107624],[100.416228,24.07773],[100.388219,24.026079],[100.401035,23.952647],[100.35556,23.854126],[100.251793,23.730464],[100.184511,23.619747],[100.138519,23.473115],[100.066792,23.277598],[100.106221,23.14913],[100.232828,23.022523],[100.313185,22.887337],[100.347395,22.743677],[100.415297,22.635621],[100.516997,22.563171],[100.566916,22.501573],[100.565056,22.450826],[100.587897,22.397806],[100.635542,22.342538],[100.646808,22.305822],[100.621797,22.28758],[100.631822,22.26815],[100.676884,22.247428],[100.704737,22.205182],[100.715383,22.141388],[100.770005,22.047337],[100.868603,21.923107],[100.983738,21.844972],[101.11541,21.812958],[101.165588,21.78942],[101.134272,21.774382],[101.128174,21.70511],[101.147294,21.581629],[101.080373,21.468664],[100.927514,21.366216],[100.819511,21.314203],[100.75662,21.312653],[100.703135,21.25139],[100.65921,21.13039],[100.613683,21.059335],[100.566658,21.038174],[100.536169,20.992388],[100.522216,20.921927],[100.549346,20.884229],[100.617662,20.879269],[100.622933,20.859554],[100.565159,20.825112],[100.493329,20.812993],[100.407443,20.823225],[100.326104,20.795682],[100.249313,20.73026],[100.18389,20.589105],[100.12963,20.372219],[100.114954,20.257679],[100.139759,20.245431],[100.174124,20.272768],[100.218049,20.339586],[100.266004,20.377309],[100.317991,20.385888],[100.37313,20.340361],[100.431524,20.240729],[100.491572,20.184091],[100.553274,20.170449],[100.588517,20.0734],[100.597302,19.89305],[100.652699,19.825173],[100.754812,19.869769],[100.856718,19.877547],[100.95852,19.848556],[101.036655,19.847833],[101.091329,19.87548],[101.153444,19.872302],[101.223103,19.838324],[101.333278,19.821891],[101.484069,19.822976],[101.699353,19.889768],[101.979233,20.022267],[102.137053,20.086578],[102.172813,20.08265],[102.204646,20.057562],[102.232551,20.011259],[102.14098,19.903488],[101.92983,19.7343],[101.82348,19.604049],[101.821723,19.512789],[101.842239,19.451164],[101.884924,19.419228],[101.885802,19.372229],[101.844771,19.310165],[101.819036,19.180742],[101.808494,18.98401],[101.815987,18.855077],[101.841464,18.793944],[101.826374,18.69811],[101.77046,18.567549],[101.657702,18.422235],[101.4881,18.262245],[101.408312,18.118894],[101.418544,17.992261],[101.458645,17.901828],[101.563651,17.820515]]]}},{"type":"Feature","properties":{},"geometry":{"type":"MultiLineString","coordinates":[[[80.625291,20.599027],[80.630407,20.714808],[80.664875,20.764624],[80.76306,20.798266],[80.888789,20.970271],[81.00594,21.046235],[81.156421,21.083468],[81.271091,21.219997],[81.34995,21.455797],[81.427723,21.58814],[81.542651,21.631548],[81.641146,21.589897],[81.680679,21.621575],[81.694011,21.71268],[81.745274,21.764072],[81.834468,21.775751],[81.920354,21.808798],[82.002933,21.863162],[82.114347,21.847556],[82.254597,21.761876],[82.376192,21.72777],[82.479028,21.745133],[82.722786,21.739138],[83.29965,21.695162]],[[83.856618,21.520444],[83.949222,21.453859],[83.942608,21.337432],[83.829953,21.054736],[83.83202,20.96177],[83.865713,20.907045],[83.931756,20.859606],[84.046374,20.846118],[84.209775,20.866582],[84.309717,20.846945],[84.346304,20.787233],[84.444179,20.729536],[84.603343,20.673881],[84.707522,20.61484],[84.756615,20.552441],[84.92198,20.480094],[85.344383,20.356691],[85.665448,20.442732],[85.832208,20.445212],[85.951581,20.392864],[86.048164,20.310802],[86.1587,20.143138],[86.17658,20.093787],[86.245206,20.05304]]]}},{"type":"Feature","properties":{},"geometry":{"type":"MultiLineString","coordinates":[[[82.40048,30.411477],[82.722734,30.365046],[82.825157,30.371015],[82.885773,30.335668],[82.938793,30.261047],[83.164257,30.12612],[83.761017,29.833321],[83.925348,29.76069],[83.982502,29.710642],[83.987153,29.658965],[84.013921,29.617417],[84.062704,29.585921],[84.188691,29.555276],[84.391779,29.525459],[84.501127,29.451949],[84.51663,29.334747],[84.634245,29.253667],[84.85387,29.208605],[85.014067,29.220956],[85.114629,29.290719],[85.225837,29.312785],[85.408668,29.274389],[85.591913,29.204058],[85.867142,29.195247],[86.295332,29.224547],[86.734479,29.208863],[87.184374,29.148195],[87.472108,29.126284],[87.66021,29.151528]]]}},{"type":"Feature","properties":{},"geometry":{"type":"MultiLineString","coordinates":[[[104.951145,11.590921],[104.9513,11.50829],[104.976156,11.471548],[105.025662,11.453229],[105.041268,11.427675],[105.022872,11.394912],[105.044059,11.211874],[105.104934,10.878561],[105.311019,10.535171],[105.830988,10.000734]],[[104.951145,11.590921],[105.181053,11.446278],[105.266164,11.356413],[105.282184,11.274144],[105.266061,11.180351],[105.217795,11.074983],[105.199088,10.978038],[105.210044,10.889517],[105.248594,10.825128],[105.314843,10.784846],[105.357683,10.723325],[105.377217,10.640591],[105.49013,10.529332],[105.696526,10.389599],[105.87946,10.299191],[105.930981,10.28361],[106.136395,10.221702]],[[101.563651,17.820515],[101.687468,17.889399],[101.744105,17.952703],[101.774801,18.033422],[101.818623,18.064634],[101.875467,18.046418],[101.947452,18.081481],[102.034578,18.169847],[102.101499,18.210646],[102.148215,18.203876],[102.231672,18.14897],[102.351872,18.045927],[102.45879,17.984639],[102.552531,17.965105],[102.598213,17.926761],[102.596043,17.869607],[102.616817,17.83333],[102.660638,17.817957],[102.680069,17.824106],[102.675211,17.851753],[102.717638,17.892242],[102.807451,17.945572],[102.89866,17.976888],[102.991368,17.986241],[103.051312,18.028512],[103.0912,18.138253]],[[103.09038,18.137059],[103.0912,18.138253]],[[103.0912,18.138253],[103.092343,18.141399]],[[103.0912,18.138253],[103.148516,18.22173],[103.199675,18.259454],[103.263186,18.278471],[103.279619,18.304981],[103.248923,18.338984],[103.251713,18.373478],[103.288249,18.408412],[103.366952,18.42332],[103.487978,18.418153],[103.629675,18.382548],[103.792249,18.316479],[103.898857,18.295292],[103.949552,18.319011],[104.048719,18.216718],[104.196204,17.98836],[104.322656,17.815812],[104.428179,17.698972],[104.539232,17.609287],[104.655917,17.546733],[104.739685,17.461673],[104.816062,17.300288],[104.759012,17.077149],[104.743509,16.88437],[104.75064,16.647537],[104.81937,16.466075],[104.949904,16.339933],[105.025765,16.238001],[105.047159,16.160254],[105.148755,16.09354],[105.330656,16.03791],[105.406311,15.987448],[105.375615,15.94218],[105.373186,15.889676],[105.398921,15.829861],[105.462018,15.780407],[105.562373,15.741262],[105.622111,15.699972],[105.641025,15.656538],[105.638906,15.585948],[105.615652,15.488254],[105.573742,15.41322],[105.513178,15.360871],[105.520309,15.331054],[105.59524,15.323794],[105.66614,15.273332],[105.781688,15.120524],[105.868091,15.032855],[105.906539,14.944359],[105.925866,14.825762],[105.914755,14.712901],[105.873311,14.605724],[105.859513,14.494619],[105.873259,14.379691],[105.864112,14.267372],[105.831969,14.157715],[105.855172,14.070098],[105.93372,14.00452],[105.980539,13.947934],[105.995732,13.900289],[105.996249,13.852023],[105.982296,13.803085],[105.990668,13.751771],[106.021467,13.698105],[106.00462,13.60935],[105.940025,13.485534],[105.918166,13.405229],[105.949327,13.35009],[106.022655,13.195836],[106.025033,13.060753],[105.980901,12.893374],[105.978369,12.68256],[106.01754,12.428311],[105.98457,12.289431],[105.879667,12.265892],[105.763395,12.26411],[105.635754,12.284108],[105.543357,12.20432],[105.486099,12.024796],[105.388947,11.936378],[105.252005,11.938961],[105.168031,11.9201],[105.137128,11.879792],[105.089586,11.8546],[105.025352,11.844523],[105.000031,11.821553],[105.013363,11.785689],[105.001788,11.747061],[104.965097,11.705694],[104.948199,11.662493],[104.951145,11.590921]]]}},{"type":"Feature","properties":{},"geometry":{"type":"MultiLineString","coordinates":[[[103.71923,29.537035],[103.767134,29.516519],[103.83173,29.386062],[103.865888,29.315782],[103.857103,29.290461],[103.925729,29.223927],[104.144786,29.062335],[104.250516,28.996292],[104.291185,28.948208],[104.302037,28.89604],[104.38043,28.848575],[104.620364,28.779355]]]}},{"type":"Feature","properties":{},"geometry":{"type":"MultiLineString","coordinates":[[[103.921647,25.878912],[103.854571,25.801164],[103.835657,25.72489],[103.845889,25.57384],[103.882993,25.341451],[103.866766,25.218874],[103.809612,25.128544],[103.712719,25.047825],[103.487771,24.939098],[103.447567,24.934964],[103.415631,24.955273],[103.39217,24.999973],[103.326438,25.012789],[103.218537,24.993669],[103.164742,24.943723],[103.165052,24.863005],[103.131514,24.77394],[103.064025,24.676582],[103.052811,24.608653],[103.097769,24.570128],[103.104849,24.519951],[103.074153,24.458146],[103.080458,24.321384],[103.14557,24.003806],[103.16929,23.87012],[103.195283,23.817823],[103.231611,23.802372],[103.262359,23.809684],[103.287577,23.83976],[103.375737,23.863247],[103.526735,23.880196],[103.610245,23.915905],[103.626264,23.970372],[103.61934,24.02011],[103.589677,24.065146],[103.590814,24.109588],[103.62275,24.153461],[103.674478,24.184881],[103.745895,24.203846],[103.825012,24.270457],[103.911828,24.384739],[103.987328,24.441738],[104.05151,24.441454],[104.150935,24.471582],[104.352938,24.562429],[104.53732,24.741177],[104.681187,24.658805],[104.799939,24.672861],[104.941429,24.755879],[105.056255,24.850215],[105.144415,24.955893],[105.20808,24.991059],[105.247354,24.95579],[105.307919,24.937135],[105.389671,24.935067],[105.450029,24.904863],[105.488993,24.846546],[105.582631,24.789805],[105.731149,24.734615],[105.833055,24.712445],[105.888452,24.723246],[105.942195,24.706942],[105.994388,24.663534],[106.065082,24.688829],[106.154482,24.782803],[106.188175,24.86241],[106.166368,24.927678],[106.230653,24.979225],[106.381238,25.017078],[106.508982,25.070356],[106.613989,25.139086],[106.742456,25.188747],[106.873921,25.215205],[106.943633,25.224688]]]}},{"type":"Feature","properties":{},"geometry":{"type":"MultiLineString","coordinates":[[[81.574277,22.753754],[81.280135,22.87726],[81.096477,22.955705],[81.026713,22.968986],[81.009557,22.943251],[80.97297,22.936068],[80.917056,22.947333],[80.877265,22.978598],[80.853701,23.029783],[80.8321,23.040351],[80.81236,23.010224],[80.731693,22.984644],[80.589996,22.96356],[80.508554,22.925319],[80.487367,22.870026],[80.483956,22.787627],[80.498322,22.678151],[80.486488,22.611075],[80.448351,22.586374],[80.410679,22.583531],[80.373368,22.602445],[80.333216,22.657842],[80.290324,22.749645],[80.216582,22.790392],[80.059847,22.774838],[79.962592,22.851655],[79.932723,22.933898],[79.937788,23.047172],[79.83428,23.112078],[79.622096,23.128563],[79.418595,23.121612],[79.223774,23.091175],[79.116236,23.060789],[79.095875,23.030481],[78.99707,23.023608],[78.819613,23.040248],[78.671715,23.037871],[78.553273,23.016477],[78.442013,22.970226],[78.337937,22.899145],[78.257167,22.868346],[78.199806,22.877777],[78.158413,22.85907],[78.133092,22.812174],[78.074904,22.793648],[77.98385,22.803415],[77.91879,22.824628],[77.879722,22.857236],[77.790219,22.825325],[77.650279,22.728949],[77.456751,22.639084],[77.086075,22.514156],[76.884021,22.457699],[76.803199,22.406643],[76.77643,22.342202],[76.713592,22.289157],[76.614786,22.247583],[76.529727,22.254094],[76.45831,22.308664],[76.305555,22.298923],[76.071357,22.224897],[75.607509,22.14609],[74.567366,22.020723],[74.466442,22.034779],[74.38686,22.012068],[74.29498,21.957239],[74.202014,21.93246],[74.108066,21.937731],[73.984818,21.914218],[73.832372,21.861922],[73.702923,21.87174],[73.596469,21.943751],[73.518335,21.981449],[73.468519,21.98486],[73.416894,21.961373],[73.36346,21.911014],[73.310544,21.896803],[73.258144,21.918714],[73.235251,21.908379],[73.241866,21.86572],[73.217888,21.844274],[73.163421,21.844016],[73.134999,21.821356],[73.137324,21.783477],[73.112468,21.750456]]]}},{"type":"Feature","properties":{},"geometry":{"type":"MultiLineString","coordinates":[[[72.653685,41.667431],[72.34931,41.497467],[72.222083,41.376028],[72.17051,41.246372],[72.053204,41.117129],[71.870166,40.988248],[71.597005,40.906599],[71.23372,40.872286],[71.101221,40.841797],[71.061534,40.821953],[71.026394,40.808621],[70.964795,40.796218],[70.863406,40.756376],[70.698352,40.661162],[70.355013,40.435362]],[[77.737199,41.87964],[77.977649,41.868685],[78.018628,41.836258],[77.901116,41.749907],[77.76283,41.623765],[77.673068,41.566559],[77.585735,41.536276],[77.278208,41.517569],[76.750385,41.510438],[76.387772,41.492455],[76.091511,41.449305],[75.881911,41.459433],[75.746984,41.441941],[75.616863,41.400212],[75.477905,41.396595],[75.330214,41.431037],[75.066044,41.446411],[74.685602,41.44269],[74.435798,41.423854],[74.316839,41.389903],[74.179896,41.400497],[74.02497,41.455609],[73.945802,41.518965],[73.942185,41.590588],[73.922393,41.649474],[73.886322,41.695621],[73.797284,41.74014],[73.655174,41.783083],[73.512599,41.797397],[73.297883,41.776003]]]}},{"type":"Feature","properties":{},"geometry":{"type":"MultiLineString","coordinates":[[[97.983198,28.424984],[98.192074,28.24993],[98.296874,28.131823],[98.335114,28.008317],[98.341832,27.839955],[98.301731,27.730039],[98.214915,27.678518],[98.153627,27.673557],[98.117763,27.715208],[98.079781,27.726215],[98.039577,27.706681],[98.042109,27.629425],[98.087481,27.494394],[98.17192,27.329082],[98.29553,27.133383],[98.362451,26.973548],[98.372683,26.849576],[98.353615,26.701394],[98.280957,26.442882],[98.157968,26.030143],[98.096266,25.866794],[98.055028,25.815298],[97.976325,25.739876],[97.86026,25.640554],[97.774735,25.62009],[97.719855,25.678433],[97.640842,25.705899],[97.557901,25.70316],[97.51904,25.701016]]]}},{"type":"Feature","properties":{},"geometry":{"type":"MultiLineString","coordinates":[[[96.595582,30.447909],[96.675267,30.44331],[96.706893,30.405612],[96.717125,30.333265],[96.853603,30.245234],[97.116429,30.14152],[97.290424,30.032405],[97.375483,29.91789],[97.424162,29.81663],[97.436358,29.728677],[97.477131,29.635039],[97.54648,29.535717],[97.660324,29.446523],[97.818557,29.367355],[97.949091,29.226227],[98.051928,29.023087],[98.163342,28.870021],[98.343486,28.715457],[98.366637,28.577248],[98.390563,28.521619],[98.422913,28.502498],[98.450663,28.402117],[98.473917,28.220474],[98.535516,28.087562],[98.635458,28.003407],[98.68238,27.913387],[98.676179,27.817475],[98.708942,27.722494],[98.816429,27.581469],[98.868674,27.341122],[98.889189,27.059486],[98.895287,26.656409],[98.884538,26.362267],[98.856943,26.176981],[98.856013,25.931079],[98.881851,25.624534],[98.881851,25.371733],[98.856013,25.172753],[98.871206,24.991446],[98.927326,24.827839],[98.980243,24.722987],[99.029852,24.676918],[99.035795,24.594261],[98.998071,24.475044],[99.015693,24.382595],[99.088763,24.317043],[99.057654,24.247978],[98.922469,24.175476],[98.76439,24.116074],[98.58342,24.069797],[98.472574,24.025872],[98.432008,23.984273],[98.420019,23.932958],[98.436659,23.87198],[98.495931,23.783329],[98.597941,23.667031],[98.638352,23.563265],[98.617371,23.472108],[98.635148,23.416917],[98.691888,23.397694],[98.721241,23.356663],[98.723204,23.293772],[98.654061,23.248142],[98.513708,23.21972],[98.473814,23.173263],[98.534482,23.108693],[98.548435,23.067946],[98.515879,23.050945],[98.504096,23.024383],[98.513088,22.988261],[98.554481,22.952915],[98.628171,22.918395],[98.629257,22.871266],[98.557736,22.811502],[98.55262,22.706211],[98.613909,22.555419],[98.625639,22.432068],[98.587709,22.336156],[98.58745,22.251045],[98.624761,22.176631],[98.676179,22.114619],[98.741601,22.06501],[98.718037,21.994989],[98.605279,21.904555],[98.573859,21.789833],[98.623676,21.650875],[98.628637,21.56442],[98.588742,21.530521],[98.59484,21.48272],[98.647033,21.420967],[98.680623,21.337199],[98.695609,21.231392],[98.72646,21.14473],[98.773072,21.077163],[98.724238,21.020371],[98.50792,20.951254]]]}},{"type":"Feature","properties":{},"geometry":{"type":"MultiLineString","coordinates":[[[91.518373,31.943038],[91.545658,31.814854],[91.600022,31.746745],[91.690559,31.695998],[91.755103,31.606521],[91.793602,31.478363],[91.862848,31.417876],[91.962687,31.425111],[92.031933,31.395655],[92.070587,31.329509],[92.133529,31.29902],[92.220759,31.304188],[92.282461,31.347493],[92.318737,31.429012],[92.428291,31.48552],[92.702693,31.532753],[92.86873,31.562622],[92.958285,31.559728],[93.026601,31.534045],[93.156102,31.528929],[93.346788,31.544328],[93.523522,31.536215],[93.686509,31.504486],[93.819318,31.500868],[93.921947,31.525363],[94.106019,31.523347],[94.371429,31.494822],[94.527853,31.467899],[94.575292,31.442577],[94.575654,31.386922],[94.528835,31.30088],[94.531212,31.250754],[94.582785,31.236543],[94.628674,31.196081],[94.669085,31.129341],[94.710116,31.090687],[94.751767,31.080067],[94.821324,31.102365],[94.918682,31.157556],[95.03852,31.186107],[95.180837,31.187967],[95.300881,31.171379],[95.398653,31.13642],[95.486038,31.07415],[95.563036,30.984595],[95.66737,30.956509],[95.799042,30.989892],[95.962443,30.978058],[96.15747,30.920929],[96.28325,30.873335],[96.339577,30.83525],[96.410942,30.720528],[96.497242,30.529196],[96.554189,30.437109],[96.595582,30.447909]]]}},{"type":"Feature","properties":{},"geometry":{"type":"MultiLineString","coordinates":[[[73.604634,37.446061],[73.481334,37.471667],[73.382942,37.462261],[73.21117,37.408518],[72.89553,37.267545],[72.757089,37.172693],[72.657405,37.029058]]]}},{"type":"Feature","properties":{},"geometry":{"type":"MultiLineString","coordinates":[[[72.657405,37.029058],[72.358819,36.982937],[72.153508,36.900539],[71.941945,36.766438],[71.802057,36.694298],[71.733741,36.684014],[71.665631,36.696908],[71.597522,36.732926],[71.530859,36.84509],[71.43288,37.127553],[71.505021,37.602925],[71.546155,37.795652],[71.580365,37.864252],[71.582225,37.910089],[71.551943,37.933137],[71.487761,37.931897],[71.389679,37.906317],[71.319967,37.901847],[71.278523,37.918409],[71.282812,38.007913],[71.332732,38.17028],[71.255889,38.306964],[71.05218,38.417862],[70.878857,38.456413],[70.73592,38.422565],[70.615824,38.33443],[70.518569,38.191984],[70.417749,38.075454],[70.313259,37.984814],[70.238741,37.941199],[70.21466,37.92443],[70.199467,37.886008],[70.254968,37.76537],[70.251454,37.664187],[70.188719,37.582487],[70.119834,37.543497],[70.044696,37.547218],[69.984959,37.566157],[69.94062,37.600289],[69.820886,37.609591],[69.625756,37.594036],[69.49212,37.553057],[69.420083,37.486704],[69.399206,37.39932],[69.429695,37.290851],[69.414502,37.207781],[69.353834,37.150058],[69.303915,37.116934],[69.264847,37.108407],[69.180201,37.158275],[69.049977,37.266511],[68.960473,37.325061],[68.911794,37.333949],[68.885284,37.328058],[68.855363,37.316844],[68.838465,37.30284],[68.823737,37.270723],[68.782086,37.257985],[68.723227,37.26801],[68.669173,37.258424],[68.636979,37.224472],[68.546545,37.183467],[68.386865,37.137475],[68.299532,37.088434],[68.284752,37.036344],[68.260981,37.01309],[68.212095,37.021513]]]}},{"type":"Feature","properties":{},"geometry":{"type":"MultiLineString","coordinates":[[[109.528643,23.796377],[109.542802,23.728991],[109.574532,23.700466],[109.628585,23.688374],[109.650651,23.664525],[109.640833,23.628946],[109.663105,23.574685],[109.717469,23.501718],[109.796379,23.453556],[109.899783,23.430198],[109.963242,23.430689],[109.986496,23.45508],[110.020964,23.45167],[110.089332,23.404851]]]}},{"type":"Feature","properties":{},"geometry":{"type":"MultiLineString","coordinates":[[[98.50792,20.951254],[98.502339,20.828367],[98.537789,20.711785],[98.612513,20.560554],[98.659746,20.414051],[98.679486,20.272303],[98.552259,20.14859],[98.140811,19.99002],[97.942994,19.960617],[97.865169,19.928603],[97.841398,19.884161],[97.809875,19.858116],[97.770704,19.850365],[97.696084,19.717556],[97.531029,19.330681],[97.457287,18.851614],[97.440234,18.830841],[97.40561,18.82805],[97.353417,18.843243],[97.331868,18.778492],[97.340963,18.633902],[97.380651,18.494298],[97.450827,18.359655],[97.523794,18.295886],[97.599345,18.302966],[97.632263,18.290357],[97.622445,18.258033],[97.65159,18.173723],[97.7197,18.037401],[97.739957,17.935314],[97.698564,17.833537],[97.755408,17.57146],[97.749414,17.443923],[97.699701,17.363592],[97.658567,17.251299],[97.62601,17.107121],[97.608647,16.947364],[97.606477,16.772],[97.622393,16.651981],[97.668437,16.551626]]]}},{"type":"Feature","properties":{},"geometry":{"type":"MultiLineString","coordinates":[[[47.468452,30.968472],[47.581778,30.830754],[47.646839,30.774608],[47.701512,30.754092],[47.735516,30.704224],[47.748951,30.624953],[47.785332,30.560874],[47.844656,30.511988],[47.938294,30.477623],[48.066141,30.457676],[48.147532,30.416826],[48.182362,30.355021],[48.226132,30.321354],[48.278945,30.315798],[48.331035,30.285439],[48.382608,30.230196],[48.401418,30.188339],[48.387569,30.159865],[48.398628,30.109609],[48.434594,30.037624],[48.478519,30.003802],[48.546526,29.962357]]]}},{"type":"Feature","properties":{},"geometry":{"type":"MultiLineString","coordinates":[[[81.639803,31.449579],[81.5488,31.404466],[81.50038,31.400048],[81.446119,31.431829],[81.29295,31.535233],[81.225048,31.602257],[81.191355,31.667318],[81.187427,31.742662],[81.213162,31.82829],[81.268094,31.899862],[81.35212,31.957481],[81.365918,32.001897],[81.30959,32.033187],[81.281892,32.07998],[81.282822,32.142302],[81.251506,32.223873],[81.187841,32.324642],[81.028884,32.419624],[80.774739,32.508817],[80.534651,32.553],[80.308618,32.552148],[80.080415,32.524733],[79.734596,32.443937]]]}},{"type":"Feature","properties":{},"geometry":{"type":"MultiLineString","coordinates":[[[81.375736,30.758149],[81.293777,30.792281]],[[81.199313,30.852096],[80.873958,31.05397],[80.731228,31.121253],[80.628392,31.121253],[80.53403,31.066373],[80.474499,31.05335],[80.418172,31.063892],[80.295595,31.124612],[80.106563,31.235406],[79.980421,31.335917],[79.917065,31.426196],[79.795471,31.480869],[79.61574,31.500041],[79.455595,31.550374],[79.315138,31.63192],[79.170806,31.669773],[79.022701,31.663882],[78.922139,31.69698],[78.869119,31.769121],[78.811345,31.815733],[78.74861,31.836894],[78.651665,31.804467],[78.52051,31.718426],[78.45178,31.656673],[78.445476,31.619156],[78.404806,31.600423],[78.329669,31.600423],[78.284452,31.580605],[78.269052,31.540969],[78.153401,31.531822],[77.937393,31.553216],[77.756526,31.511514],[77.610798,31.406817],[77.495456,31.355502],[77.410603,31.357569],[77.352984,31.337984],[77.322702,31.29672],[77.270457,31.267239],[77.196146,31.249566],[77.0899,31.272743],[76.951613,31.33677],[76.882884,31.38023],[76.883711,31.403122],[76.854255,31.41307],[76.764648,31.408626]],[[76.435056,31.422268],[76.383793,31.407386],[76.369582,31.38656],[76.375266,31.354882],[76.534998,31.143681],[76.566934,31.05335],[76.52611,31.003017],[76.360022,30.989013],[76.06867,31.011363],[75.791116,31.013198],[75.527463,30.994491],[75.304996,31.034695],[75.123818,31.133785],[74.983982,31.177115],[74.88559,31.164765],[74.727511,31.092263],[74.509747,30.959661],[74.380401,30.893412],[74.33937,30.893567],[74.215605,30.768975],[74.009002,30.519688],[73.805656,30.363367],[73.505415,30.268308],[73.381805,30.229266],[73.325375,30.194436],[73.294989,30.150744],[73.268117,30.139349],[73.24476,30.160227],[73.157943,30.12364],[73.007771,30.029589],[72.858323,29.960084],[72.709805,29.915022],[72.631257,29.875851],[72.622679,29.842546],[72.554362,29.829032],[72.426102,29.835285],[72.308589,29.793711],[72.201619,29.70426],[72.15263,29.639509],[72.161518,29.599486],[72.120539,29.557473],[72.029692,29.513444],[71.9051,29.486986],[71.746866,29.478098],[71.650128,29.452156],[71.614988,29.409161],[71.56481,29.382393],[71.499595,29.371851],[71.418101,29.382083],[71.320433,29.413089],[71.209122,29.413089],[71.014146,29.326246]]]}},{"type":"Feature","properties":{},"geometry":{"type":"MultiLineString","coordinates":[[[69.826984,40.272684],[69.68446,40.30183],[69.562504,40.285707],[69.413676,40.233979],[69.298954,40.225194],[69.218235,40.259352],[69.152296,40.338003],[69.101137,40.4612],[69.086925,40.53918],[69.093695,40.577213],[69.081758,40.598659],[69.019643,40.657829],[68.816554,40.796864],[68.701626,40.898331],[68.674858,40.96228],[68.610055,41.02238],[68.455801,41.106768]],[[67.990817,41.254717],[68.008232,41.285491],[68.069262,41.335979],[68.086521,41.462586],[68.051485,41.658259],[68.067298,41.834243],[68.133857,41.990512],[68.185637,42.081101],[68.20114,42.099162],[68.207134,42.132209],[68.192148,42.150244],[68.187652,42.181663],[68.254728,42.236957],[68.284597,42.302121],[68.277259,42.377155],[68.25292,42.443404],[68.211475,42.500817],[68.208064,42.553889],[68.242688,42.60262],[68.254832,42.662952],[68.2446,42.734963],[68.229045,42.769069],[68.223981,42.794236],[68.200055,42.825112],[68.134839,42.866376],[68.118974,42.907976],[68.129051,42.946604],[68.088899,42.990942],[67.928598,43.031327],[67.838268,43.121089],[67.817907,43.260228],[67.788865,43.341386],[67.751141,43.364537],[67.720136,43.358439],[67.693419,43.331309],[67.660346,43.343324],[67.64567,43.38898],[67.604535,43.418125],[67.547795,43.420761],[67.514463,43.459311],[67.504438,43.533829],[67.443822,43.631032],[67.332511,43.75087],[67.258665,43.811073],[67.222285,43.81159],[67.194896,43.839288],[67.176396,43.894246],[67.107356,43.948713],[66.98757,44.002715],[66.901684,44.008787],[66.849594,43.966877],[66.770633,43.958816],[66.664903,43.984551],[66.602529,43.988736],[66.560516,44.009045],[66.533128,44.101856],[66.49375,44.151672],[66.442177,44.158494],[66.418148,44.180663],[66.421558,44.218232],[66.382026,44.267893],[66.299447,44.329646],[66.263325,44.37078],[66.188033,44.425351],[66.019464,44.456951],[65.974506,44.509273],[65.957142,44.539762],[65.915905,44.584101],[65.833429,44.640299],[65.794052,44.687324],[65.791209,44.722593],[65.738396,44.748173],[65.61613,44.756338],[65.493398,44.815921],[65.370305,44.926922],[65.2299,44.99281],[65.072287,45.013583],[64.963818,45.012343],[64.90439,44.989141],[64.783881,45.002215],[64.60229,45.051617],[64.466071,45.113216],[64.37543,45.18701],[64.334296,45.234138],[64.318379,45.270157],[64.260812,45.280776],[64.220608,45.321885],[64.19756,45.393509],[64.112087,45.446219],[63.963982,45.479963],[63.883005,45.511072],[63.869053,45.539443],[63.877063,45.567271],[63.906932,45.594504],[63.875822,45.632021],[63.783735,45.679796],[63.751592,45.713127],[63.700174,45.718062],[63.33601,45.634734],[63.124189,45.632822],[63.005436,45.700053],[62.900326,45.71938],[62.808859,45.6907],[62.733153,45.690803],[62.673208,45.71969],[62.634089,45.759094],[62.615796,45.809039],[62.565411,45.813405],[62.482832,45.772142],[62.376431,45.758344],[62.246103,45.771987],[62.127092,45.751316],[62.019398,45.69641],[61.897028,45.704704],[61.759983,45.776173],[61.70257,45.83281],[61.724791,45.874616],[61.762876,45.902935],[61.816723,45.917895],[61.822821,45.949289],[61.760189,46.021119]],[[61.561958,46.109744],[61.264199,46.050988],[61.093253,46.057913],[60.877969,46.137339]]]}},{"type":"Feature","properties":{},"geometry":{"type":"MultiLineString","coordinates":[[[80.888014,40.467143],[81.026197,40.518612],[81.129033,40.534942],[81.242411,40.533237],[81.34256,40.574475],[81.42948,40.658656],[81.546268,40.706689],[81.693029,40.718626],[81.809611,40.7525],[81.895911,40.80831],[82.12122,40.886342],[82.485539,40.986594],[82.749037,41.004164],[82.911818,40.938974],[83.082299,40.927967],[83.260376,40.971117],[83.454989,40.998092],[83.666139,41.008893],[83.792901,41.001115],[83.835379,40.974812],[83.895996,40.997653],[83.974854,41.069638],[84.091333,41.131262],[84.245638,41.182448],[84.476529,41.194954],[84.784004,41.168779],[84.984353,41.129376],[85.077474,41.076718],[85.218396,41.02822],[85.407015,40.983829],[85.617028,40.992511],[85.848435,41.054264],[86.03788,41.07062],[86.185365,41.041578],[86.334865,41.03734],[86.486277,41.057908],[86.505345,41.099714],[86.392174,41.162837],[86.344528,41.206477],[86.371607,41.242806],[86.381839,41.278204],[86.368196,41.285026],[86.33409,41.275104],[86.26567,41.297428],[86.162937,41.35205],[86.060825,41.382384],[85.959229,41.388482],[85.876857,41.426361],[85.813605,41.495969],[85.78632,41.5709],[85.795001,41.651153],[85.828901,41.706679],[85.888019,41.737504],[85.973492,41.752542],[86.085319,41.751715],[86.164798,41.772463],[86.211927,41.814786],[86.304738,41.819256],[86.443127,41.785925],[86.572628,41.78329],[86.753392,41.825509]]]}},{"type":"Feature","properties":{},"geometry":{"type":"MultiLineString","coordinates":[[[92.992805,34.100296],[93.094504,34.194502],[93.262039,34.222356],[93.529206,34.215225],[93.70656,34.23897],[93.837611,34.320903],[94.010469,34.501254],[94.117181,34.566986],[94.215469,34.578148],[94.338046,34.628791],[94.48491,34.718966],[94.660713,34.74067],[94.865249,34.693955],[95.018159,34.62445],[95.119342,34.532156],[95.212049,34.485983],[95.296282,34.485932],[95.398291,34.442213],[95.518077,34.354854],[95.575386,34.293101],[95.570322,34.257031],[95.59585,34.229436],[95.652177,34.210367],[95.756977,34.111407],[95.910456,33.932606],[96.023007,33.823621],[96.094734,33.78445],[96.152509,33.770239],[96.19633,33.781039],[96.222375,33.769334],[96.23054,33.735073],[96.276015,33.724996],[96.358801,33.739104],[96.418125,33.715281],[96.454092,33.653502],[96.52923,33.603789],[96.643538,33.566143],[96.701881,33.516327],[96.704258,33.454367],[96.7225,33.406488],[96.756709,33.37264],[96.780584,33.364269],[96.794227,33.381322],[96.807869,33.37078],[96.821512,33.332591],[96.873033,33.320499],[96.962433,33.334451],[97.011268,33.309698],[97.019691,33.24624],[97.084751,33.143662],[97.206501,33.001965],[97.290734,32.92259],[97.337346,32.905511],[97.37817,32.847763],[97.413,32.749423],[97.624253,32.614056],[98.011723,32.441741],[98.209127,32.329707],[98.216362,32.278004],[98.278167,32.185116],[98.394542,32.051016],[98.445909,31.941306],[98.432266,31.855989],[98.454487,31.782427],[98.54151,31.689797]]]}},{"type":"Feature","properties":{},"geometry":{"type":"MultiLineString","coordinates":[[[90.794696,34.300413],[91.151574,34.320903],[91.646582,34.28137],[91.853081,34.235275],[91.936073,34.169439],[92.037256,34.164892],[92.156628,34.221632],[92.308609,34.240081],[92.493094,34.220237],[92.619701,34.179568],[92.688224,34.118021],[92.79013,34.090529],[92.992805,34.100296]]]}},{"type":"Feature","properties":{},"geometry":{"type":"MultiLineString","coordinates":[[[58.630871,51.695088],[58.628494,51.618813],[58.659293,51.561039],[58.722545,51.49634],[58.750812,51.424846],[58.744094,51.346556],[58.712623,51.287361],[58.656503,51.24726],[58.527105,51.201268],[58.324637,51.149333],[58.209295,51.10639],[58.181183,51.072438],[58.045171,51.068873],[57.801258,51.095796],[57.535693,51.164526],[57.248475,51.275165],[56.906429,51.3533],[56.509657,51.398982],[56.223731,51.472259],[56.048755,51.573131],[55.877086,51.647545],[55.708724,51.695553],[55.456181,51.735189],[55.119458,51.766453],[54.649616,51.725809],[54.046552,51.613206],[53.667195,51.55998],[53.511442,51.566129],[53.40566,51.550807],[53.34985,51.513962],[53.227377,51.484971],[53.038344,51.463732],[52.902642,51.466936],[52.820477,51.494583],[52.728131,51.498149],[52.625708,51.477633],[52.553723,51.441796],[52.512072,51.390559],[52.427942,51.3826],[52.301335,51.417792],[52.225061,51.420893],[52.199222,51.391928],[52.128219,51.381929],[52.01205,51.39092],[51.941357,51.378053],[51.916139,51.343326],[51.768758,51.285604],[51.499213,51.204885],[51.395292,51.148403],[51.364235,51.075281],[51.316434,50.998283],[51.221039,50.903767],[51.18254,50.825994],[51.200834,50.764964],[51.189207,50.708481],[51.147555,50.656598],[51.13598,50.594845],[51.15448,50.52317],[51.149674,50.478366],[51.121459,50.460331],[51.116033,50.436302],[51.133293,50.406174],[51.131381,50.364885],[51.110193,50.31233],[51.156082,50.253005],[51.26884,50.186808],[51.329095,50.122161],[51.340567,50.027438],[51.319638,49.955272],[51.347078,49.912587],[51.416014,49.875302],[51.470895,49.801767],[51.511926,49.691954],[51.557711,49.630718],[51.59373,49.613845],[51.608406,49.584622],[51.635743,49.546382],[51.707366,49.488013],[51.739095,49.449023],[51.743695,49.419774],[51.76049,49.404478],[51.827772,49.374351],[51.847823,49.352285],[51.846996,49.335749],[51.858571,49.323346],[51.883893,49.314148],[51.915726,49.27508],[51.947765,49.205627],[51.936293,49.137518],[51.881412,49.070778],[51.84958,49.000524],[51.841001,48.92673],[51.853869,48.895052],[51.880327,48.868594],[51.875986,48.815393],[51.803588,48.623079],[51.775579,48.585639],[51.730104,48.56024],[51.666955,48.546908],[51.624994,48.514636],[51.606339,48.468721],[51.602515,48.443038],[51.610473,48.42428],[51.634916,48.404539],[51.633262,48.385781],[51.60236,48.370407],[51.588665,48.318188],[51.592076,48.229149],[51.583549,48.181194],[51.569442,48.167448],[51.581999,48.11944],[51.640394,48.016398],[51.654036,47.881858],[51.62303,47.715796],[51.67357,47.578595],[51.805551,47.470126],[51.879242,47.397366],[51.894642,47.360262],[51.892058,47.331323],[51.871594,47.310498],[51.876865,47.293444],[51.907871,47.280112],[51.926784,47.250139],[51.933606,47.203605],[51.88379,47.121207],[51.724213,46.943853]],[[59.426275,54.51998],[59.306799,54.402959],[59.194093,54.324643],[59.161743,54.277824],[59.172182,54.23638],[59.149806,54.174756],[59.094719,54.092952],[59.102264,54.012156],[59.172647,53.932367],[59.190424,53.863457],[59.155697,53.805398],[59.168513,53.746229],[59.228974,53.685948],[59.253572,53.640447],[59.242513,53.609803],[59.182104,53.573268],[59.072446,53.530893],[59.021338,53.464385],[59.02878,53.373797],[59.066917,53.307212],[59.135647,53.264708],[59.129652,53.217165],[59.048934,53.164559],[58.974003,53.070714],[58.905066,52.935581],[58.904136,52.810834],[58.971419,52.696525],[58.995655,52.620251],[58.985682,52.599735],[58.989919,52.569453],[59.01028,52.545837],[59.057925,52.526768],[59.082523,52.513229],[59.080353,52.469821],[59.062163,52.419953],[58.833753,52.195781]]]}},{"type":"Feature","properties":{},"geometry":{"type":"MultiLineString","coordinates":[[[47.841556,46.734925],[48.113942,46.683249],[48.21993,46.605243],[48.250316,46.483649],[48.313878,46.400579],[48.410616,46.355982],[48.500947,46.272111],[48.683675,46.08618]],[[45.663601,50.222309],[45.489968,50.122006],[45.414417,50.056066],[45.378967,49.991057],[45.360725,49.91623],[45.359588,49.831636],[45.305225,49.736964],[45.197634,49.632113],[45.106942,49.513154],[45.048444,49.407527],[45.010824,49.350631],[44.996355,49.313424],[44.990153,49.293581],[44.986949,49.259138],[44.975684,49.194749],[44.841842,49.012616],[44.587904,48.727465],[44.544341,48.665066],[44.527598,48.598016],[44.595501,48.545151],[44.864528,48.465673],[45.042502,48.434408],[45.129421,48.45141],[45.22771,48.446501],[45.337367,48.419784],[45.411058,48.424486],[45.448782,48.460712],[45.558594,48.451332],[45.733209,48.398597],[45.797959,48.383249],[45.831342,48.368934],[45.864932,48.352656],[45.90865,48.321676],[46.077684,48.218401],[46.155405,48.110087],[46.14662,47.993815],[46.193181,47.917592],[46.295087,47.88147],[46.350484,47.842972],[46.359476,47.802095],[46.408568,47.773002],[46.497865,47.755587],[46.616411,47.672904],[46.764205,47.524955],[46.87469,47.444417],[46.947967,47.431369],[47.008532,47.402843],[47.056591,47.358918],[47.081705,47.315614],[47.085116,47.25169],[47.086201,47.214018],[47.21224,47.143944],[47.463491,47.028913],[47.584982,46.9422],[47.576611,46.883754],[47.611699,46.854582],[47.69035,46.854608],[47.800318,46.772753],[47.941705,46.608938],[48.002063,46.505895],[47.981392,46.463572],[47.980152,46.418278],[47.998239,46.369935],[47.916435,46.249684],[47.734637,46.057396],[47.641103,45.929471],[47.635832,45.865857],[47.610355,45.834154],[47.578109,45.813483],[47.560746,45.789505],[47.563226,45.760566],[47.587204,45.737415],[47.631026,45.693594],[47.649836,45.656748]],[[49.904789,53.456737],[50.042145,53.45467],[50.108084,53.404725],[50.148495,53.30623],[50.128548,53.235588],[50.048346,53.192774],[49.957344,53.185229],[49.855541,53.212902],[49.717358,53.203058],[49.542795,53.155774],[49.427609,53.152467],[49.371695,53.193188],[49.269014,53.218974],[49.119462,53.229749],[48.918751,53.208535],[48.66688,53.155309],[48.524305,53.104847],[48.491025,53.057149],[48.503376,52.995138],[48.561357,52.918812],[48.504926,52.816363],[48.334084,52.68774],[48.177452,52.506098],[48.034929,52.271383],[47.900828,52.124803],[47.775048,52.066305],[47.643635,52.043025],[47.506589,52.054911],[47.272701,51.980962],[47.114262,51.918795],[46.970808,51.83017],[46.842547,51.772964],[46.774644,51.747927]],[[43.432419,56.674991],[43.656901,56.496397],[43.836839,56.403534],[44.046955,56.336923],[44.16731,56.27362],[44.197799,56.213623],[44.258105,56.179672],[44.348332,56.171662],[44.450858,56.140372],[44.565787,56.08575],[44.77611,56.082469],[45.081827,56.130605],[45.280885,56.137039],[45.373283,56.101847],[45.442839,56.103914],[45.489451,56.143292],[45.560144,56.15957],[45.654919,56.152749],[45.736775,56.166494],[45.805711,56.200833],[45.87227,56.198844],[45.936349,56.1605],[46.025026,56.171559],[46.1383,56.231917],[46.294053,56.286823],[46.492181,56.336277],[46.679714,56.308915],[46.856551,56.204683],[47.165938,56.150785],[47.828947,56.14541],[47.886101,56.121769],[47.92739,56.073348],[47.971935,55.992267],[48.066917,55.925321],[48.212334,55.872456],[48.459709,55.825275],[48.809042,55.78383],[49.002518,55.692983],[49.058949,55.48266]],[[37.148255,56.752402],[37.391961,56.861646],[37.477434,56.934768],[37.485805,57.008149],[37.557739,57.106334],[37.760931,57.290819]],[[32.598248,57.250356],[32.680827,57.079049],[32.675246,57.00944],[32.692041,56.972492],[32.729351,56.944897],[32.850843,56.9319],[33.056515,56.933476],[33.282393,56.899266],[33.528476,56.829245],[33.674927,56.765269],[33.721746,56.707443],[33.815538,56.640677],[33.956408,56.565101],[33.979663,56.50929],[33.885508,56.473272],[33.844477,56.444514],[33.856776,56.423016],[34.049839,56.35656],[34.42377,56.245146],[34.668406,56.208662],[34.783748,56.247006],[34.861831,56.289794],[34.902655,56.336975],[34.908857,56.368911],[34.880435,56.385499],[34.890977,56.415678],[34.940483,56.459345],[34.955779,56.50265],[34.936865,56.545541],[35.001202,56.578459],[35.222584,56.612927],[35.333895,56.703258],[35.421797,56.742273],[35.523393,56.76005],[35.606799,56.791107],[35.672014,56.835446],[35.772525,56.860664],[35.908331,56.866762],[36.065737,56.84622],[36.244847,56.799014],[36.344376,56.758138],[36.374555,56.706358]],[[41.343658,57.49308],[41.715315,57.447553],[41.889206,57.451222],[41.989148,57.488946],[42.173271,57.484709],[42.575831,57.415462]],[[40.007098,57.566667],[39.853309,57.668832],[39.798119,57.725211],[39.790367,57.769885],[39.696626,57.831302],[39.517102,57.909437],[39.246473,57.989691],[38.704026,58.113146]],[[38.300949,57.571628],[38.445592,57.760919],[38.479646,57.872437],[38.437065,58.017544]]]}},{"type":"Feature","properties":{},"geometry":{"type":"MultiLineString","coordinates":[[[117.208691,42.592181],[117.172311,42.613162],[117.178925,42.645459],[117.216236,42.696051],[117.22962,42.747779],[117.213652,42.82705],[117.188692,42.8856],[117.194222,42.93477],[117.221817,42.994017],[117.347184,43.063212],[117.570116,43.142302],[117.745609,43.185168],[117.873663,43.191731],[118.015774,43.220205],[118.172043,43.270589],[118.470526,43.276144],[118.911326,43.236922],[119.219731,43.228524],[119.483798,43.262114],[120.758552,43.423448]]]}},{"type":"Feature","properties":{},"geometry":{"type":"MultiLineString","coordinates":[[[113.035354,22.795301],[113.094937,22.730292],[113.165527,22.575599],[113.213689,22.48346],[113.263971,22.362821],[113.415744,22.178388]],[[113.035354,22.795301],[113.299162,22.698356],[113.395435,22.650607],[113.443701,22.599034],[113.491864,22.590689],[113.55217,22.58733]],[[112.979905,23.041126],[113.445303,23.055079]],[[112.804722,23.14789],[112.819088,23.081796],[112.891228,22.917749],[112.963317,22.822251],[113.035354,22.795301]],[[112.804722,23.14789],[112.912467,23.11275],[112.973601,23.052082],[113.02414,22.954206],[113.090338,22.906923],[113.213276,22.912013],[113.337816,22.888836]],[[111.301403,23.48066],[111.43323,23.449112],[111.498755,23.375266],[111.54206,23.248659],[111.707011,23.161429],[112.137166,23.089702],[112.270905,23.142102],[112.35276,23.131715],[112.427484,23.076008],[112.497557,23.077506],[112.563083,23.136211],[112.642665,23.165124],[112.736199,23.164271],[112.804722,23.14789]]]}},{"type":"Feature","properties":{},"geometry":{"type":"MultiLineString","coordinates":[[[120.758552,43.423448],[121.059102,43.509438],[121.349317,43.516853],[121.729345,43.474349],[122.029895,43.520755],[122.251071,43.656044],[122.448991,43.747588],[122.623761,43.795389],[122.769385,43.815465],[122.886122,43.807766],[123.017019,43.765081],[123.162023,43.68736],[123.269096,43.646664],[123.338239,43.642969],[123.404592,43.627518],[123.468154,43.600181],[123.513474,43.560778],[123.553937,43.483496]]]}},{"type":"Feature","properties":{},"geometry":{"type":"MultiLineString","coordinates":[[[110.089229,23.407951],[110.200747,23.545075],[110.333969,23.555488],[110.622116,23.449603],[110.745313,23.46632],[110.813526,23.446786],[110.867993,23.396583],[110.996719,23.398779],[111.301403,23.48066]]]}},{"type":"Feature","properties":{},"geometry":{"type":"MultiLineString","coordinates":[[[78.339952,30.915168],[78.072372,30.737659],[77.986692,30.567695],[77.942199,30.517905],[77.910263,30.531573],[77.814713,30.511006],[77.655446,30.456203],[77.574418,30.391169],[77.570077,30.278281],[77.527754,30.202653],[77.442746,30.127257],[77.300843,30.026901],[77.187,29.871407],[77.101113,29.660851],[77.073673,29.537629],[77.104782,29.501765],[77.106643,29.469106],[77.094344,29.450399],[77.092742,29.427481],[77.120544,29.401281],[77.144625,29.340328],[77.137494,29.191061],[77.155632,29.065926],[77.19904,28.964951],[77.221261,28.858032],[77.222191,28.745171],[77.248856,28.64652],[77.327404,28.519758],[77.454632,28.424932],[77.489358,28.373824],[77.474062,28.334782],[77.484449,28.281685],[77.520519,28.214609],[77.520881,28.147481],[77.485638,28.080405],[77.49587,27.98452],[77.55168,27.859798],[77.607181,27.797425],[77.662268,27.797322],[77.681233,27.749211],[77.663973,27.653093],[77.667952,27.60077],[77.693067,27.592244],[77.700405,27.569713],[77.689863,27.533152],[77.711464,27.466903],[77.765311,27.370991],[77.821431,27.305104],[77.879929,27.26924],[77.92003,27.262936],[77.941734,27.28619],[77.966435,27.289833],[77.994237,27.273891],[78.01222,27.244539],[78.020489,27.201854],[78.068444,27.183147],[78.156088,27.188418],[78.203423,27.164931],[78.210348,27.112686],[78.249105,27.096072],[78.292048,27.106046],[78.308637,27.095427],[78.312926,27.079019],[78.326982,27.061863],[78.383102,27.057935],[78.436897,27.024346],[78.488264,26.961068],[78.507591,26.953316],[78.521802,26.960422],[78.543764,26.957967],[78.60898,26.910192],[78.663395,26.894483],[78.707113,26.910838],[78.778995,26.879807],[78.878938,26.801362],[78.947874,26.762139],[78.985804,26.762139],[79.024407,26.721186],[79.063784,26.639253],[79.135769,26.579515],[79.240363,26.541972],[79.262532,26.511302],[79.261963,26.48536],[79.251473,26.471614],[79.265839,26.445931],[79.280205,26.432857],[79.311004,26.427509],[79.401851,26.436475],[79.47301,26.416166],[79.493784,26.371853],[79.518278,26.359167],[79.5359,26.354748],[79.544737,26.334904],[79.537812,26.306121],[79.592072,26.243928],[79.712272,26.155768],[79.804256,26.107554],[79.868025,26.099363],[79.91226,26.112102],[79.931587,26.125098],[79.947348,26.125098],[79.956288,26.094997],[79.988999,26.072001],[80.049874,26.071122],[80.080311,26.052725],[80.080415,26.01681],[80.113126,25.979241],[80.211259,25.920485],[80.44215,25.889324],[80.524315,25.869997],[80.534754,25.852143],[80.522765,25.83509],[80.488555,25.818786],[80.524264,25.781424],[80.629994,25.72303],[80.7165,25.702411],[80.783783,25.719516],[80.843934,25.717449],[80.896954,25.696158],[80.930389,25.667684],[80.944341,25.632079],[80.969249,25.617145],[81.005216,25.622829],[81.021753,25.604897],[81.018859,25.563298],[81.059063,25.530561],[81.142262,25.50666],[81.181226,25.465629],[81.175852,25.407442],[81.221534,25.367237],[81.318375,25.344913],[81.37739,25.318739],[81.398577,25.288741],[81.472061,25.294839],[81.597738,25.337033],[81.69427,25.351089],[81.761656,25.337007],[81.803617,25.351579],[81.82005,25.394781],[81.847025,25.415968],[81.903146,25.414625]]]}},{"type":"Feature","properties":{},"geometry":{"type":"MultiLineString","coordinates":[[[113.1277,29.462776],[113.166354,29.484428],[113.209607,29.537836],[113.530156,29.831616],[113.696347,29.949283],[113.760323,29.938741],[113.859852,29.972331],[113.994727,30.050052],[114.011057,30.124466],[113.908841,30.195522],[113.885276,30.246164],[113.940467,30.276292],[113.989559,30.278566],[114.032451,30.252986],[114.11627,30.328382],[114.288456,30.572088],[114.303235,30.593043],[114.395943,30.664433],[114.472011,30.661281],[114.557948,30.6033],[114.66187,30.582139],[114.783826,30.597823],[114.840929,30.564543],[114.833177,30.482274],[114.885215,30.423105],[114.997146,30.387086],[115.057815,30.335797],[115.067323,30.26929],[115.101533,30.229215],[115.160444,30.215572],[115.251808,30.127903],[115.375625,29.966233],[115.504402,29.87921],[115.638038,29.866911],[115.750899,29.82849],[115.842728,29.763998],[115.982823,29.74604],[116.171132,29.774565],[116.211853,29.785159]],[[116.19759,29.751388],[116.211853,29.785159]],[[116.211853,29.785159],[116.327194,29.815183],[116.451115,29.86779],[116.543925,29.931403],[116.605627,30.006024],[116.682935,30.06137],[116.775849,30.097388],[116.846698,30.167694],[116.895532,30.272235],[116.913205,30.349207],[116.899563,30.39861],[116.971961,30.445997],[117.130401,30.491369],[117.212205,30.552321],[117.217373,30.628828],[117.246622,30.673994],[117.326617,30.694768],[117.604636,30.776468],[117.724887,30.886384],[117.779974,31.051748],[117.843794,31.124199],[117.916451,31.103787],[117.968076,31.129573],[117.998772,31.20161],[118.089361,31.255224],[118.239946,31.290442],[118.31188,31.34062],[118.30542,31.405758],[118.33317,31.50986],[118.395182,31.652952],[118.514658,31.841132],[118.691753,32.074425],[118.961401,32.203203],[119.323601,32.227387],[119.530203,32.228834],[119.643064,32.235371],[119.770964,32.206949],[119.866823,32.100341],[119.941496,32.039957],[120.073942,31.960272]]]}},{"type":"Feature","properties":{},"geometry":{"type":"MultiLineString","coordinates":[[[77.524912,35.520675],[77.637618,35.582144],[77.683455,35.630797],[77.708363,35.715236],[77.585063,35.856675],[77.597362,35.970802],[77.704229,36.104799],[77.701025,36.195698],[77.58775,36.243473],[77.511062,36.307965],[77.470858,36.389123],[77.357894,36.437079],[77.172168,36.451806],[77.016622,36.440231],[76.891462,36.402378],[76.782631,36.38765],[76.690131,36.396047],[76.520012,36.430257],[76.464201,36.468265],[76.435262,36.524334],[76.341263,36.586449],[76.182203,36.654714],[76.058128,36.755638],[75.969038,36.889222],[75.947127,37.011281],[75.992395,37.121817],[75.988003,37.212251],[75.940616,37.272402],[75.951571,37.292711],[75.969554,37.302995],[76.005935,37.296432],[76.056268,37.285528],[76.141947,37.310591],[76.213571,37.382292],[76.22897,37.522878],[76.187939,37.732374],[76.216361,37.874794],[76.314133,37.950216],[76.401776,37.989464],[76.479394,37.992513],[76.522906,37.978432],[76.532518,37.947193],[76.596803,37.91934],[76.715866,37.894845],[76.926912,37.996777],[77.229943,38.225135],[77.368487,38.400292],[77.342546,38.522248],[77.390346,38.655212],[77.511993,38.799182],[77.568423,38.905016],[77.559845,38.972764],[77.578552,39.039633],[77.624751,39.105675],[77.669606,39.141074],[77.713117,39.145905],[77.802414,39.204093],[77.93729,39.315663],[78.121154,39.424674],[78.353905,39.531127],[78.607378,39.596834],[78.881573,39.62182],[79.100836,39.660474],[79.265167,39.712873],[79.59724,39.862063],[80.096951,40.108146],[80.376831,40.274415],[80.436775,40.360844],[80.572064,40.419859],[80.888014,40.467143]]]}},{"type":"Feature","properties":{},"geometry":{"type":"MultiLineString","coordinates":[[[87.66021,29.151528],[87.747234,29.288187],[87.823301,29.349062],[87.917249,29.379706],[88.015434,29.380533],[88.11765,29.351594],[88.181936,29.34733],[88.208187,29.367743],[88.25666,29.36627],[88.32725,29.342964],[88.429672,29.336142],[88.630797,29.350664],[89.403618,29.366011],[89.698794,29.359035],[89.77388,29.334851],[89.862143,29.33392],[89.963326,29.356348],[90.081975,29.359707],[90.217987,29.344101],[90.32134,29.315472],[90.392033,29.273924],[90.505618,29.278497],[90.662094,29.329244],[90.74643,29.339863],[90.758626,29.310408],[90.785911,29.307875],[90.828389,29.332267],[90.896705,29.337434],[91.037989,29.316505],[92.076168,29.281159],[92.46524,29.231343],[92.551281,29.155275],[92.694528,29.101325],[92.89493,29.069492],[93.02288,29.072541],[93.078381,29.110472],[93.116932,29.106518],[93.138326,29.06063],[93.182664,29.029288],[93.24974,29.012545],[93.33113,29.049597],[93.426732,29.140444],[93.568119,29.178323],[93.755291,29.163233],[93.931559,29.171062],[94.096923,29.201784],[94.223737,29.240231],[94.356029,29.309529]]]}},{"type":"Feature","properties":{},"geometry":{"type":"MultiLineString","coordinates":[[[107.504787,26.337592],[107.50086,26.238502],[107.518998,26.191477],[107.557962,26.16352],[107.61,26.166672],[107.707772,26.218116],[107.779809,26.357952],[107.800273,26.431514],[107.793245,26.485386],[107.826318,26.529544],[107.899595,26.564012],[107.95923,26.616774],[108.005222,26.68788],[108.071833,26.752889],[108.158908,26.8118],[108.250892,26.83906],[108.34763,26.834667],[108.395999,26.816761],[108.396102,26.78529],[108.453463,26.725036],[108.568081,26.635997],[108.644769,26.617704],[108.683423,26.670259],[108.71784,26.695994],[108.747915,26.695012],[108.76192,26.67925],[108.759749,26.648761],[108.795354,26.614138],[108.868632,26.575381],[108.961287,26.573365],[109.073219,26.608195],[109.194297,26.678682],[109.38984,26.837871],[109.437796,26.893553],[109.443894,26.954221],[109.42405,27.038402],[109.440638,27.079898],[109.493658,27.078683],[109.556032,27.107105],[109.627758,27.165138],[109.667343,27.177334],[109.674887,27.143692],[109.691941,27.128319],[109.718709,27.131212],[109.739793,27.151883],[109.755296,27.190382],[109.822992,27.188832],[109.942985,27.147206],[110.050523,27.190356],[110.216818,27.422719],[110.263844,27.503722],[110.283791,27.566406],[110.276608,27.61077],[110.299035,27.653454],[110.350815,27.694408],[110.366731,27.72929],[110.346784,27.758048],[110.348335,27.79081],[110.371382,27.827501],[110.346836,27.862744],[110.274592,27.896489],[110.250666,27.92721],[110.275161,27.954909],[110.252113,27.980721],[110.18173,28.004596],[110.135479,28.036429],[110.113465,28.076142],[110.12809,28.128438],[110.179249,28.193318],[110.194752,28.242049],[110.174598,28.274605],[110.181523,28.289178],[110.215733,28.285793],[110.27206,28.320236],[110.350505,28.392557],[110.418925,28.486375],[110.477216,28.601717],[110.633072,28.690032],[110.886596,28.751346],[111.040075,28.803074],[111.093612,28.845216],[111.149423,28.837878],[111.207404,28.78106],[111.27851,28.762147],[111.404601,28.790569],[111.522423,28.986086],[111.55932,29.005],[111.592703,28.99022],[111.626499,28.995879],[111.65456,29.012674],[111.678796,29.012674],[111.705151,28.992443],[111.744425,28.98774],[111.796412,29.009599],[111.865038,29.011614],[111.992885,28.984846]],[[112.904871,29.031381],[112.993548,29.147446]],[[113.069305,29.387664],[113.1277,29.462776]]]}},{"type":"Feature","properties":{},"geometry":{"type":"MultiLineString","coordinates":[[[94.084004,33.155858],[94.447703,33.163299],[94.506614,33.204278],[94.609864,33.205467],[94.777089,33.180611],[94.915788,33.139631],[95.026066,33.08258],[95.089421,33.024755],[95.106061,32.966153],[95.225227,32.914632],[95.446919,32.87019],[95.580864,32.814612],[95.627166,32.747924],[95.727625,32.672218],[95.882344,32.587494],[96.010708,32.552484],[96.112718,32.56716],[96.182688,32.562354],[96.239325,32.52587],[96.381177,32.433318],[96.454609,32.343401],[96.506906,32.225191],[96.585454,32.155014],[96.690357,32.132871],[96.769887,32.085355],[96.824147,32.012491],[96.873808,31.973449],[96.941298,31.965543]]]}},{"type":"Feature","properties":{},"geometry":{"type":"MultiLineString","coordinates":[[[106.464024,10.298312],[106.385372,10.330016],[106.137584,10.306141]],[[106.137584,10.306141],[105.930981,10.28361]],[[106.137584,10.306141],[106.183834,10.253431],[106.222075,10.244698],[106.292045,10.261751],[106.329769,10.247411],[106.359948,10.210876],[106.407593,10.117161],[106.467951,10.05042],[106.518801,10.015487],[106.579159,9.978952],[106.658121,9.948721]]]}}]}