{"type":"FeatureCollection","features":[{"type":"Feature","properties":{},"geometry":{"type":"LineString","coordinates":[[75.312665,11.959964],[75.262288,12.075639],[75.222179,12.02204]]}},{"type":"Feature","properties":{},"geometry":{"type":"MultiLineString","coordinates":[[[79.847341,10.809638],[79.767359,10.88856],[79.70545,10.910445],[79.73749,10.986229],[79.846688,10.979834]],[[79.810869,11.832977],[79.727051,11.841629],[79.68602,11.99994],[79.79113,11.916818],[79.849561,11.955176]]]}},{"type":"Feature","properties":{},"geometry":{"type":"LineString","coordinates":[[76.415936,11.666833],[76.38927,11.744012],[76.316613,11.746854],[76.17657,11.857029],[76.115489,11.857494],[76.055751,11.96374],[75.960563,11.928626],[75.846048,11.951105],[75.776181,12.009784],[75.761092,12.068747],[75.629213,12.102052],[75.536609,12.168947],[75.426228,12.291782],[75.389331,12.294728],[75.312024,12.469498],[75.102114,12.678865],[74.892788,12.755551]]}},{"type":"Feature","properties":{},"geometry":{"type":"LineString","coordinates":[[76.415936,11.666833],[76.339248,11.591489],[76.240752,11.603969],[76.256255,11.478447],[76.409114,11.436822],[76.495414,11.384758],[76.533758,11.313134],[76.466268,11.205234],[76.641245,11.208644],[76.719173,11.138726],[76.690441,10.933364],[76.819838,10.875951],[76.889705,10.78004],[76.875546,10.678496],[76.821079,10.633176],[76.808573,10.437115],[76.841543,10.310663],[76.928049,10.235551],[76.98634,10.231288],[77.064578,10.296297],[77.191495,10.351306],[77.276968,10.210101],[77.224258,10.05781],[77.260225,9.962209],[77.225912,9.858882],[77.23542,9.764676],[77.187671,9.612773],[77.263222,9.557376],[77.340634,9.579958],[77.398615,9.499963],[77.312108,9.30088],[77.254541,9.122105],[77.164934,9.001001],[77.202554,8.89416],[77.24927,8.859098],[77.23542,8.784141],[77.178886,8.695232],[77.203794,8.611981],[77.278829,8.526405],[77.166071,8.336933],[77.110331,8.285174]]}},{"type":"Feature","properties":{},"geometry":{"type":"LineString","coordinates":[[77.551163,18.307875],[77.599946,18.114838],[77.562946,18.070784],[77.62134,17.986835],[77.61979,17.92565],[77.500314,17.812298],[77.525429,17.746281],[77.463623,17.713415],[77.411534,17.630785],[77.492872,17.57761],[77.582583,17.578772],[77.599326,17.486917],[77.37443,17.222567],[77.465174,17.042578],[77.433444,16.934755],[77.410914,16.720582],[77.431998,16.593613],[77.370916,16.524289],[77.257435,16.449358],[77.293711,16.406518],[77.53318,16.361043],[77.490805,16.261592],[77.483674,16.002073],[77.446467,15.95298]]}},{"type":"Feature","properties":{},"geometry":{"type":"LineString","coordinates":[[78.229572,12.759893],[78.056249,12.845935],[78.002092,12.807151],[77.895018,12.87278],[77.801277,12.856554],[77.765311,12.718733],[77.609351,12.672793],[77.568733,12.55957],[77.618859,12.46663],[77.560775,12.339661],[77.471892,12.274238],[77.492149,12.205457],[77.667849,12.203881],[77.768721,12.120036],[77.670846,11.971311],[77.489772,11.92612],[77.433858,11.811527],[77.353863,11.7837],[77.259192,11.816902],[77.121939,11.792536],[77.082561,11.756776],[76.997399,11.825919],[76.907688,11.800184],[76.820769,11.625596],[76.750799,11.642339],[76.605381,11.631177],[76.532207,11.709079],[76.465338,11.71497],[76.415936,11.666833]]}},{"type":"Feature","properties":{},"geometry":{"type":"LineString","coordinates":[[74.100625,15.640286],[73.990347,15.613543],[73.942805,15.632457],[73.908388,15.721237],[73.813097,15.77188],[73.680375,15.712806]]}},{"type":"Feature","properties":{},"geometry":{"type":"LineString","coordinates":[[74.100625,15.640286],[74.226818,15.629847],[74.257824,15.518588],[74.236534,15.472467],[74.30423,15.28917],[74.241185,15.23783],[74.292758,15.188272],[74.259685,15.097683],[74.241185,14.956038],[74.091156,14.8876]]}},{"type":"Feature","properties":{},"geometry":{"type":"LineString","coordinates":[[80.270377,18.71369],[80.090543,18.69749],[80.001866,18.785624],[79.960319,18.867117],[79.93355,19.053127],[79.861823,19.081084],[79.943782,19.169218],[79.930553,19.211928],[79.965486,19.401917],[79.93107,19.482532],[79.864924,19.50899],[79.795781,19.594101],[79.735423,19.603352],[79.538949,19.533821],[79.420403,19.536379],[79.266002,19.589555],[79.197731,19.461883],[79.058876,19.547063],[79.024346,19.541525],[78.87253,19.650119],[78.847518,19.724533],[78.780029,19.776674],[78.711713,19.774349],[78.533739,19.824656],[78.477722,19.799128],[78.383257,19.866152],[78.321762,19.863258],[78.383567,19.684535],[78.333441,19.643272],[78.302642,19.482765],[78.240114,19.460182],[78.174381,19.374657],[78.16787,19.264096],[78.063897,19.264096],[77.992377,19.322749],[77.92003,19.331663],[77.855021,19.228362],[77.833627,19.121443],[77.751978,19.045892],[77.912072,18.835362],[77.839311,18.80955],[77.781123,18.703768],[77.703402,18.669119],[77.679941,18.569978],[77.592298,18.548145],[77.502588,18.381591],[77.551163,18.307875]]}},{"type":"Feature","properties":{},"geometry":{"type":"LineString","coordinates":[[77.551163,18.307875],[77.461453,18.281933],[77.346628,18.351516],[77.301876,18.460269],[77.232733,18.410659],[77.23108,18.333791],[77.117908,18.253847],[77.087729,18.197055],[76.949546,18.179976],[76.892909,18.144293],[76.885054,17.974459],[76.839062,17.884232],[76.740877,17.898417],[76.755656,17.825837],[76.675971,17.706852],[76.592669,17.770595],[76.512984,17.772817],[76.390614,17.636779],[76.322194,17.61771],[76.343795,17.351861],[76.210367,17.388913],[76.094715,17.377751],[75.936482,17.325868],[75.870026,17.416147],[75.783933,17.374805],[75.61309,17.471595],[75.552836,17.365917],[75.622082,17.220939],[75.605132,17.158126],[75.646783,17.091412],[75.616708,16.974675],[75.553766,17.014905],[75.45341,16.964055],[75.370831,16.984467],[75.256006,16.959172],[75.24257,16.902095],[75.166503,16.867937],[75.043409,16.952816],[74.960004,16.951136],[74.92228,16.889331],[74.844559,16.852021],[74.866676,16.776211],[74.684878,16.708438],[74.665758,16.606222],[74.557444,16.551652],[74.524578,16.623843],[74.43001,16.644333],[74.353219,16.543512],[74.292448,16.528371],[74.366241,16.292882],[74.451921,16.253944],[74.469594,16.109792],[74.415954,16.096356],[74.42877,15.993753],[74.354459,15.872572],[74.331102,15.761932],[74.223511,15.726095],[74.186097,15.76573],[74.100625,15.640286]]}},{"type":"Feature","properties":{},"geometry":{"type":"LineString","coordinates":[[74.12884,21.951761],[74.204908,21.92507],[74.284386,21.94494],[74.407686,22.023049],[74.485614,21.945973],[74.512486,21.726917],[74.708133,21.611162],[74.894065,21.61204],[75.047957,21.554059],[75.129916,21.437684],[75.31192,21.38146],[75.534749,21.371797],[75.814008,21.383372],[75.877777,21.399779],[76.082933,21.368076],[76.142877,21.193125],[76.108564,21.153128],[76.186802,21.085819],[76.286641,21.074812],[76.436606,21.107808],[76.498308,21.180361],[76.614063,21.202479],[76.653957,21.251313],[76.63339,21.341049],[76.729508,21.413009],[76.785525,21.501685],[76.79369,21.577004],[76.917404,21.618086],[77.028818,21.693586],[77.115531,21.724049],[77.218987,21.700846],[77.332985,21.774459],[77.46073,21.770041],[77.551783,21.696764],[77.555194,21.542484],[77.456802,21.548504],[77.433134,21.498817],[77.481814,21.423886],[77.578035,21.384457],[77.712601,21.380272],[77.787531,21.423008],[77.871454,21.3981],[78.02917,21.437684],[78.192675,21.551114],[78.413333,21.606304],[78.427906,21.508481],[78.513689,21.526593],[78.696003,21.474762],[78.904156,21.509282],[78.921932,21.572275],[79.215765,21.65457],[79.240053,21.712758],[79.413065,21.689813],[79.533058,21.619275],[79.551558,21.550029],[79.650467,21.581551],[79.798365,21.587804],[79.840326,21.534345],[80.005277,21.548323],[80.186661,21.63948],[80.310168,21.580233],[80.417552,21.446831],[80.625601,21.326476],[80.679034,21.351152]]}},{"type":"Feature","properties":{},"geometry":{"type":"LineString","coordinates":[[80.679034,21.351152],[80.625601,21.242657],[80.484524,21.167701],[80.435328,20.999235],[80.48132,20.931978],[80.552117,20.919318],[80.572994,20.697574],[80.503025,20.633289],[80.622397,20.600913],[80.622397,20.325891],[80.424373,20.234088],[80.426337,20.146238],[80.53062,20.134869],[80.557181,20.048337],[80.531137,19.920697],[80.425096,19.892817],[80.537751,19.81091],[80.565553,19.739777],[80.675727,19.676551],[80.712934,19.592603],[80.830963,19.547102],[80.893905,19.484444],[80.832203,19.345409],[80.716655,19.262701],[80.617436,19.318563],[80.575992,19.391969],[80.397088,19.234175],[80.366599,19.117386],[80.271824,18.979436],[80.344171,18.85071],[80.274821,18.776942],[80.270377,18.71369]]}},{"type":"Feature","properties":{},"geometry":{"type":"LineString","coordinates":[[83.970203,22.539348],[83.996248,22.592704],[84.190965,22.70094],[84.228275,22.78308],[84.352195,22.88558],[84.291734,22.997227],[84.115,22.998855],[84.089059,23.084819],[84.028908,23.146107],[84.038623,23.309404],[84.015368,23.382604],[83.946949,23.370021],[83.95222,23.474924],[84.014541,23.553989],[83.991184,23.631762],[83.906434,23.564686],[83.780861,23.586493],[83.720813,23.676152],[83.735282,23.738345],[83.696628,23.818701],[83.556792,23.9358],[83.521755,24.065896],[83.442277,24.12181],[83.337063,24.140232]]}},{"type":"Feature","properties":{},"geometry":{"type":"LineString","coordinates":[[107.657646,37.852935],[107.606745,37.765731],[107.509438,37.764284],[107.436058,37.663464],[107.317202,37.590186],[107.322163,37.527632],[107.238033,37.301367],[107.324953,37.163572],[107.285472,37.068461]]}},{"type":"Feature","properties":{},"geometry":{"type":"LineString","coordinates":[[111.110045,39.385193],[111.22487,39.310547],[111.118003,39.067435],[110.995013,39.003847],[110.980337,38.816649],[110.871817,38.621364],[110.899412,38.545451],[110.859776,38.46804],[110.774252,38.426234],[110.671209,38.31699],[110.57969,38.287327],[110.511219,38.20219],[110.515043,37.954996],[110.589302,37.919133],[110.653381,37.813196],[110.753064,37.745758],[110.788773,37.561429],[110.746346,37.480297],[110.630281,37.396632],[110.687384,37.357229],[110.665008,37.282272],[110.460059,37.051279],[110.389469,37.021952],[110.397531,36.781373],[110.483158,36.593012],[110.496129,36.484078],[110.458974,36.349409],[110.473185,36.26373],[110.447243,36.141877],[110.51096,35.886854],[110.560415,35.849182],[110.575608,35.712549],[110.619843,35.597259],[110.424816,35.294228],[110.335415,35.198007],[110.259658,34.944767],[110.237437,34.80139],[110.252268,34.663259],[110.336036,34.615846]]}},{"type":"Feature","properties":{},"geometry":{"type":"LineString","coordinates":[[109.206595,29.104244],[109.269227,29.24235],[109.338164,29.289685],[109.432318,29.533908],[109.472212,29.56817],[109.700002,29.655735],[109.783201,29.73493],[110.103905,29.785417],[110.225138,29.737332],[110.361667,29.650103],[110.446727,29.726687],[110.525533,29.72524],[110.591162,29.771361],[110.500573,29.86257],[110.46316,30.013982],[110.543361,30.055013],[110.715599,30.02964],[110.741851,30.096174],[110.943544,30.063514],[111.246161,30.031733],[111.414988,29.925796],[111.5849,29.904351],[111.76861,29.919595],[111.923639,29.856395],[112.126314,29.707153],[112.170032,29.649043],[112.363095,29.572175],[112.443917,29.641369],[112.648143,29.6269],[112.786222,29.736687],[112.886164,29.791774],[112.945592,29.709298],[112.908488,29.600803],[112.927815,29.495228],[113.008121,29.518095],[113.145683,29.472077],[113.186249,29.531738],[113.415848,29.764566],[113.519511,29.841667],[113.53615,29.685734],[113.634697,29.684829],[113.672576,29.544786],[113.729369,29.437092],[113.587723,29.293794],[113.641364,29.221757],[113.654903,29.124037],[113.71123,29.072929],[113.772828,29.125303],[113.902381,29.06634]]}},{"type":"Feature","properties":{},"geometry":{"type":"LineString","coordinates":[[113.902381,29.06634],[113.905172,28.955985],[114.01209,28.912913],[114.142728,28.788501],[114.112808,28.615515],[114.056945,28.564277],[114.177041,28.507304],[114.226858,28.408964],[114.184483,28.29308],[114.091879,28.257707],[114.028213,28.183525],[114.013796,28.106476],[113.916489,28.021184],[113.73681,27.981574],[113.705959,27.937727],[113.700998,27.818948],[113.610978,27.699472],[113.562092,27.590564],[113.600126,27.368226],[113.66746,27.329547],[113.78275,27.370784],[113.850963,27.345902],[113.823575,27.228674],[113.754018,27.141858],[113.892408,26.945332],[113.831636,26.827484],[113.864709,26.655867],[114.085057,26.577499],[114.068418,26.453709],[114.014881,26.385082],[113.998603,26.283099],[113.939485,26.209434],[114.062837,26.177782],[114.162159,26.221371],[114.213525,26.169772],[114.041442,26.068848],[114.018291,25.934619],[113.907187,25.749772],[113.917936,25.660191],[113.982428,25.581669],[113.927548,25.448111]]}},{"type":"Feature","properties":{},"geometry":{"type":"LineString","coordinates":[[109.258375,28.505909],[109.155332,28.435526],[109.094974,28.205204],[108.942942,28.199855],[108.728485,28.24223],[108.783727,28.426095],[108.730035,28.475446],[108.582758,28.37416],[108.582448,28.601097],[108.330318,28.689154],[108.367319,28.777029],[108.34055,28.919656],[108.286238,29.077166],[108.054573,29.064505],[107.875359,28.984071],[107.789834,29.040192],[107.783478,29.137369],[107.557239,29.186823],[107.496106,29.246096],[107.430477,29.18287],[107.423965,29.077011],[107.499671,28.993063],[107.436833,28.877256],[107.296996,28.808371],[107.161087,28.881338],[107.030708,28.887617],[106.973347,28.804521],[106.889373,28.801395],[106.835061,28.730521],[106.828963,28.608693],[106.76199,28.590891],[106.750001,28.502162],[106.562416,28.510741],[106.626495,28.6374],[106.562416,28.767133],[106.488725,28.540971],[106.382427,28.572494]]}},{"type":"Feature","properties":{},"geometry":{"type":"LineString","coordinates":[[109.258375,28.505909],[109.263853,28.322225],[109.354287,28.265174],[109.298735,28.09472],[109.362658,28.029633],[109.309897,27.970309],[109.328242,27.807657],[109.413405,27.738953],[109.447253,27.650018],[109.418366,27.559507],[109.318423,27.500621],[109.276875,27.438532],[109.206389,27.444759],[109.014928,27.262186],[108.900103,27.188806],[108.896847,27.147206],[108.791324,27.083128],[108.874213,27.018119],[108.950177,27.026904],[109.007796,27.094057],[109.095491,27.134442],[109.155643,27.079717],[109.230573,27.151986],[109.438209,27.131032],[109.499187,27.062483],[109.507146,26.976364],[109.443842,26.900994],[109.505285,26.824797],[109.397075,26.754672],[109.294032,26.727309],[109.377231,26.646152],[109.402553,26.537295],[109.315013,26.425726],[109.296564,26.312529],[109.399297,26.269947],[109.427512,26.098562],[109.456709,26.03885]]}},{"type":"Feature","properties":{},"geometry":{"type":"LineString","coordinates":[[109.593962,31.737598],[109.658764,31.718116],[109.724497,31.63608],[109.73261,31.561123],[109.929497,31.518722],[110.108246,31.398032],[110.146745,31.331111],[110.174857,31.188665],[110.107626,31.122338],[110.137598,31.000175],[110.127676,30.906408],[110.066233,30.82848],[109.996728,30.826232],[109.870689,30.88858],[109.748578,30.835353],[109.639799,30.717944],[109.394181,30.583741],[109.248247,30.597435],[109.179259,30.566791],[108.964646,30.607486],[108.868425,30.551365],[108.710192,30.52284],[108.669987,30.573845],[108.573146,30.497855],[108.433206,30.487287],[108.380599,30.399695],[108.532011,30.315488],[108.529996,30.112968],[108.550356,30.009254],[108.538213,29.885463],[108.400443,29.831074],[108.446849,29.735782],[108.512633,29.721855],[108.61304,29.858023],[108.65836,29.817018],[108.696032,29.698162],[108.872042,29.638966],[108.872042,29.50161],[108.920566,29.348984],[109.014152,29.307488],[109.077301,29.214134],[109.206595,29.104244]]}},{"type":"Feature","properties":{},"geometry":{"type":"LineString","coordinates":[[109.206595,29.104244],[109.274808,29.049261],[109.245508,28.931258],[109.246748,28.78553],[109.281216,28.729125],[109.21321,28.628795],[109.284627,28.573476],[109.258375,28.505909]]}},{"type":"Feature","properties":{},"geometry":{"type":"LineString","coordinates":[[105.498553,32.907397],[105.568265,32.730457],[105.633274,32.707461],[105.724482,32.759784],[105.813418,32.762109],[105.875481,32.844714],[106.082342,32.873523],[106.056504,32.713559],[106.114898,32.648834],[106.228948,32.591964],[106.363978,32.63868],[106.603964,32.675525],[106.712588,32.737821],[107.065331,32.708314],[107.096233,32.669247],[107.069982,32.522925],[107.20217,32.452774],[107.284129,32.452929],[107.370532,32.519824],[107.448305,32.522227],[107.459622,32.408642],[107.659196,32.388618],[107.772936,32.310715],[107.843526,32.228162],[107.960057,32.158347],[108.051782,32.226612],[108.236732,32.262656],[108.479405,32.25028],[108.518369,32.19757]]}},{"type":"Feature","properties":{},"geometry":{"type":"LineString","coordinates":[[108.518369,32.19757],[108.789308,32.045331],[109.055907,31.940635],[109.18887,31.840305],[109.252588,31.744006],[109.335993,31.705249],[109.593962,31.737598]]}},{"type":"Feature","properties":{},"geometry":{"type":"LineString","coordinates":[[106.382427,28.572494],[106.338657,28.480122],[106.268687,28.556629],[106.188795,28.584612],[105.984415,28.753542],[105.891914,28.609313],[105.683193,28.583449],[105.620561,28.482422],[105.655753,28.441107],[105.667225,28.318298],[105.846801,28.269153],[105.906228,28.150582],[106.008961,28.140246],[106.10942,28.174715],[106.199337,28.124253],[106.215254,28.056091],[106.298969,28.000436],[106.345375,27.834942],[106.247603,27.77523],[106.103581,27.788072],[106.039192,27.756807],[105.875946,27.745206],[105.646916,27.67813],[105.524495,27.774636],[105.360784,27.760011],[105.296963,27.721745]]}},{"type":"Feature","properties":{},"geometry":{"type":"LineString","coordinates":[[97.715721,32.54419],[97.663734,32.559899],[97.430673,32.70033],[97.384165,32.779188],[97.360962,32.897036],[97.468707,32.982535],[97.504261,33.045606],[97.476459,33.120304],[97.50054,33.194357],[97.615675,33.328379],[97.724299,33.406127],[97.539297,33.453721],[97.477389,33.562241],[97.390521,33.611385],[97.383545,33.869871],[97.610249,33.930875],[97.69567,34.005237],[97.745073,33.864858],[97.819074,33.864187],[98.034926,33.959788],[98.211814,33.939453],[98.30168,33.845841],[98.457949,33.840105],[98.645845,33.676162],[98.633287,33.607716],[98.73571,33.489765],[98.772917,33.302722],[98.852085,33.174875],[99.100649,33.072452],[99.225293,32.998916],[99.289371,32.88714],[99.50941,32.835438],[99.698545,32.744617],[99.728931,32.757665],[99.76929,32.921763],[99.840966,32.957007],[100.046896,32.935484],[100.136606,32.847504],[100.158621,32.782263],[100.119036,32.670874],[100.223165,32.636897],[100.254997,32.725806],[100.399433,32.758388],[100.498497,32.669091],[100.560922,32.563336],[100.47302,32.485278],[100.531208,32.403397],[100.603038,32.451224],[100.642932,32.594497],[100.697089,32.685731],[100.902193,32.630463],[101.049471,32.675603],[101.170807,32.688341],[101.236591,32.807507],[101.23194,32.85771],[101.131429,32.938352],[101.164141,33.128082],[101.220003,33.170611],[101.445157,33.235853],[101.643646,33.127772],[101.726949,33.267789],[101.665144,33.320395],[101.691085,33.420286],[101.77754,33.530047]]}},{"type":"Feature","properties":{},"geometry":{"type":"LineString","coordinates":[[82.800869,23.998716],[82.768106,23.928953],[82.657725,23.884537],[82.6508,23.844824],[82.531738,23.775371],[82.077399,23.801364],[81.936942,23.840664],[81.778192,23.801881],[81.681867,23.885132],[81.622026,23.833791],[81.686208,23.690311],[81.591434,23.561172],[81.644144,23.482055],[81.744602,23.542594],[81.907177,23.505181],[81.991409,23.400536],[82.098173,23.371726],[82.189743,23.288734],[82.129385,23.096498],[82.070784,23.100347],[81.946141,23.042961],[81.940249,22.945835],[81.788527,22.852946],[81.76641,22.663992],[81.669568,22.609292],[81.642283,22.550846],[81.53955,22.519995],[81.417801,22.437494],[81.372636,22.492684],[81.234866,22.444496],[81.178022,22.478422],[81.122522,22.400519],[81.118904,22.294608],[81.02351,22.193969],[80.987336,22.108005],[80.91902,22.097463],[80.835097,21.950986],[80.837888,21.846135],[80.805125,21.774304],[80.730504,21.714308],[80.721409,21.473212],[80.679034,21.351152]]}},{"type":"Feature","properties":{},"geometry":{"type":"LineString","coordinates":[[108.518369,32.19757],[108.388971,32.184289],[108.419202,32.100005],[108.344736,32.073546],[108.26779,31.972907],[108.286962,31.92216],[108.500695,31.790825],[108.516198,31.708272],[108.406799,31.566032],[108.323187,31.49937],[108.22309,31.467899],[108.194047,31.33093],[108.033127,31.222229],[108.006772,31.038623],[107.931686,30.948783],[107.929516,30.872664],[107.849882,30.809618],[107.769061,30.827421],[107.736298,30.88318],[107.620852,30.837369],[107.507578,30.821995],[107.456676,30.760862],[107.477605,30.609501],[107.372134,30.49987],[107.228732,30.238155],[107.03293,30.057856],[106.770362,30.036565],[106.71729,30.059277],[106.617813,30.268695],[106.53234,30.337658],[106.448676,30.323886],[106.384907,30.263579],[106.239025,30.220249],[106.124716,30.342334],[105.998833,30.385122],[105.791713,30.423363],[105.708669,30.274096],[105.557206,30.147592],[105.7389,30.032637],[105.709961,29.867505],[105.557516,29.803918],[105.55147,29.747616],[105.411685,29.703174],[105.291072,29.584784],[105.314843,29.469597],[105.405174,29.429961],[105.422382,29.333559],[105.505839,29.291468],[105.644591,29.269661],[105.700608,29.223695],[105.745308,28.994768],[105.795124,28.936529],[105.877961,28.920044],[106.008444,28.9734],[106.260315,28.869323],[106.25737,28.79385],[106.298039,28.672436],[106.382427,28.572494]]}},{"type":"Feature","properties":{},"geometry":{"type":"LineString","coordinates":[[77.327404,28.519707],[77.269734,28.510276],[77.193562,28.432606],[77.100545,28.475601],[77.070883,28.528569],[76.872652,28.519422],[76.836892,28.587222],[76.947273,28.696156],[76.936524,28.81465],[77.067989,28.882088],[77.200797,28.876791]]}},{"type":"Feature","properties":{},"geometry":{"type":"LineString","coordinates":[[76.814567,30.789129],[76.82728,30.680712]]}},{"type":"Feature","properties":{},"geometry":{"type":"LineString","coordinates":[[115.374023,31.41754],[115.286224,31.395138],[115.218528,31.447486],[115.213464,31.545594],[115.12856,31.594532],[115.076883,31.515544],[114.998852,31.477614],[114.766566,31.490481],[114.638202,31.568022],[114.547872,31.572879],[114.555675,31.737675],[114.495317,31.759199],[114.361836,31.734265],[114.267372,31.808731],[114.143969,31.84754],[114.085471,31.783797],[113.971989,31.746564],[113.959587,31.83183],[113.861712,31.862707],[113.794377,31.972519],[113.752365,32.137599],[113.781665,32.19372],[113.78275,32.359369],[113.729213,32.419262],[113.616404,32.385672],[113.527675,32.296685],[113.43595,32.288753],[113.182994,32.413319],[113.065688,32.417376],[112.750875,32.349783],[112.533938,32.376758],[112.285787,32.350635],[112.144607,32.394638],[112.053347,32.454841],[111.779255,32.520367],[111.711197,32.600233],[111.629083,32.626458],[111.531622,32.611085],[111.507437,32.682062],[111.363311,32.824767],[111.210142,32.930213],[111.216344,32.976489],[111.108805,33.148029],[111.002662,33.207534],[110.974601,33.266471]]}},{"type":"Feature","properties":{},"geometry":{"type":"LineString","coordinates":[[115.374023,31.41754],[115.549981,31.182696],[115.668733,31.217216],[115.768366,31.143552],[115.876938,31.129366],[115.946442,31.034049],[116.035998,30.988884],[115.858644,30.860959],[115.86221,30.78484],[115.77529,30.754816],[115.767849,30.688153],[115.833064,30.59405],[115.946649,30.488294],[115.876783,30.389799],[115.912026,30.315592],[116.040494,30.221437],[116.080853,30.046797],[116.078062,29.968714],[116.125553,29.904687],[116.147257,29.788776]]}},{"type":"Feature","properties":{},"geometry":{"type":"LineString","coordinates":[[116.147257,29.788776],[116.236192,29.781335],[116.389516,29.876058],[116.492507,29.884714],[116.650482,30.050673],[116.791404,30.022018],[116.886799,29.920422],[116.797915,29.755936],[116.674977,29.708006],[116.648467,29.627417],[116.748564,29.544864],[116.888349,29.560522],[116.955063,29.653901],[117.079087,29.710202],[117.106682,29.786373],[117.067098,29.840582],[117.125182,29.910552],[117.225538,29.906676],[117.274268,29.829472],[117.406302,29.831177],[117.402168,29.773067],[117.52738,29.622352],[117.649181,29.605868],[117.707679,29.555638],[117.898571,29.548972],[117.985905,29.57202],[118.113442,29.518664],[118.17473,29.407869]]}},{"type":"Feature","properties":{},"geometry":{"type":"LineString","coordinates":[[116.151288,34.566728],[116.156714,34.447303],[116.400988,34.275014],[116.55209,34.286848],[116.575086,34.192125],[116.542944,34.120915],[116.64118,33.953225],[116.445327,33.845015],[116.420677,33.790832],[116.182035,33.71833],[116.079613,33.778352],[115.970679,33.904804],[115.961377,34.000147],[115.841126,34.006917],[115.732967,34.06557],[115.653644,34.048413],[115.586154,33.97958],[115.56135,33.898138],[115.629924,33.838762],[115.573545,33.750188],[115.63473,33.591826],[115.442597,33.548082],[115.346427,33.453049],[115.31568,33.373984],[115.345342,33.250606],[115.250981,33.12064],[115.142822,33.08426],[114.969189,33.123741],[114.886559,33.083407],[114.879841,32.993413],[114.925213,32.958247],[115.184732,32.859054],[115.199305,32.591473],[115.366736,32.559512],[115.456912,32.507396],[115.56476,32.402441],[115.646616,32.402441],[115.693848,32.491815],[115.79007,32.470706],[115.888462,32.393863],[115.914817,32.250021],[115.928149,32.024583],[115.901329,31.794494],[115.662946,31.783952],[115.531532,31.736384],[115.389732,31.511746],[115.374023,31.41754]]}},{"type":"Feature","properties":{},"geometry":{"type":"LineString","coordinates":[[113.721049,36.355869],[113.672886,36.221459],[113.687149,36.055732],[113.627566,35.953232],[113.584726,35.686866],[113.609944,35.646067],[113.491295,35.52548],[113.328411,35.463004],[113.12956,35.352287],[113.019799,35.328593],[112.902752,35.240588],[112.807616,35.241984],[112.682456,35.311178],[112.525979,35.220279],[112.334983,35.218677],[112.058463,35.23449],[112.061098,35.108477],[111.829433,35.082562],[111.62221,34.947273],[111.557666,34.863402],[111.394266,34.823275],[111.331272,34.840923],[111.025709,34.747492],[110.883806,34.666101],[110.765828,34.661347],[110.708623,34.620962],[110.530546,34.583677],[110.336036,34.615846]]}},{"type":"Feature","properties":{},"geometry":{"type":"LineString","coordinates":[[113.902381,29.06634],[114.063457,29.203153],[114.246546,29.248913],[114.242671,29.308521],[114.308145,29.354539],[114.46953,29.317927],[114.708689,29.389524],[114.818243,29.393865],[114.895189,29.520188],[114.972755,29.559953],[115.272065,29.614653],[115.416862,29.711701],[115.486212,29.864276],[115.705165,29.860813],[115.855905,29.738599],[115.998997,29.744128],[116.147257,29.788776]]}},{"type":"Feature","properties":{},"geometry":{"type":"LineString","coordinates":[[110.336036,34.615846],[110.327664,34.479808],[110.374069,34.403688],[110.478663,34.326381],[110.433807,34.261397],[110.606665,34.170499],[110.593643,34.065337],[110.642373,33.980303],[110.593798,33.879741],[110.74924,33.802795],[110.792132,33.705126],[110.968245,33.598828],[111.01062,33.500152],[111.015581,33.374449],[110.974601,33.266471]]}},{"type":"Feature","properties":{},"geometry":{"type":"LineString","coordinates":[[110.974601,33.266471],[110.900136,33.205209],[110.823448,33.19893],[110.711258,33.108109],[110.604495,33.153894],[110.547392,33.245335],[110.432257,33.173066],[110.23444,33.156323],[110.094293,33.213322],[109.959935,33.214123],[109.87534,33.243423],[109.659694,33.264094],[109.515672,33.237067],[109.491023,33.145006],[109.75726,33.080074],[109.781186,33.044831],[109.739586,32.930006],[109.835808,32.895874],[109.899111,32.914425],[110.095844,32.841252],[110.154961,32.729579],[110.168294,32.62235],[110.073829,32.616562],[110.000862,32.551941],[109.879526,32.591629],[109.634838,32.590647],[109.579441,32.541218],[109.561303,32.405025],[109.487405,32.335934],[109.54766,32.233614],[109.619025,32.188914],[109.666309,32.043006],[109.610188,31.927302],[109.593962,31.737598]]}},{"type":"Feature","properties":{},"geometry":{"type":"LineString","coordinates":[[108.799001,-7.664727],[108.733601,-7.6046],[108.741559,-7.536542],[108.704662,-7.39097],[108.546894,-7.27878],[108.595418,-7.142096],[108.695464,-7.139822],[108.788998,-7.061326],[108.800677,-6.93477],[108.89512,-6.814155]]}},{"type":"Feature","properties":{},"geometry":{"type":"LineString","coordinates":[[106.401052,-7.007259],[106.450795,-6.836223],[106.506088,-6.783462],[106.426558,-6.6968],[106.405268,-6.524098],[106.43369,-6.438987],[106.420771,-6.370412],[106.560297,-6.355219],[106.630887,-6.384365],[106.739149,-6.386483],[106.76292,-6.301424]]}},{"type":"Feature","properties":{},"geometry":{"type":"LineString","coordinates":[[121.598036,-2.972841],[121.475252,-3.019764],[121.277642,-2.878945],[121.16354,-2.873468],[121.067655,-2.917692]]}},{"type":"Feature","properties":{},"geometry":{"type":"LineString","coordinates":[[110.84356,-8.200843],[110.798746,-8.121674],[110.786602,-7.873628],[110.753323,-7.832597],[110.578656,-7.820969],[110.50662,-7.783091],[110.4413,-7.568943],[110.301309,-7.669144],[110.136513,-7.676792],[110.116669,-7.761593],[110.04274,-7.889101]]}},{"type":"Feature","properties":{},"geometry":{"type":"LineString","coordinates":[[119.46748,-3.512988],[119.452947,-3.280936],[119.411916,-3.214687],[119.639189,-3.120946],[119.543226,-2.906902],[119.560434,-2.746499],[119.661255,-2.758229],[119.78564,-2.695029],[119.738976,-2.565269],[119.707092,-2.353913],[119.623582,-2.293555],[119.646268,-2.176404],[119.753497,-2.081785],[119.825017,-2.046231],[119.87349,-1.955384]]}},{"type":"Feature","properties":{},"geometry":{"type":"LineString","coordinates":[[119.87349,-1.955384],[120.048053,-1.861488],[120.15678,-1.860403],[120.292379,-1.900194],[120.447615,-1.866242],[120.553241,-2.025044],[120.624968,-2.104212],[120.804182,-2.238571],[121.349782,-2.348487],[121.448897,-2.388484],[121.638033,-2.557931],[121.742006,-2.610073],[121.787378,-2.670121],[121.772495,-2.800914],[121.598036,-2.972841]]}},{"type":"Feature","properties":{},"geometry":{"type":"LineString","coordinates":[[77.327404,28.519707],[77.337533,28.626186],[77.306941,28.720599],[77.227152,28.783592],[77.200797,28.876791]]}},{"type":"Feature","properties":{},"geometry":{"type":"LineString","coordinates":[[110.94435,-8.226372],[110.965196,-8.116869],[111.099245,-8.008503],[111.228022,-7.93812],[111.307914,-7.837816],[111.264609,-7.731724],[111.190609,-7.707436],[111.217481,-7.613333],[111.184976,-7.529101],[111.197378,-7.308598],[111.220271,-7.251392],[111.444288,-7.311233],[111.459843,-7.273768],[111.608309,-7.153982],[111.598491,-6.960763],[111.629342,-6.800101],[111.672699,-6.733657]]}},{"type":"Feature","properties":{},"geometry":{"type":"LineString","coordinates":[[82.800869,23.998716],[82.679429,24.166768],[82.732863,24.21413],[82.766969,24.386031],[82.734103,24.419698],[82.734413,24.551628],[82.808414,24.566408],[82.772137,24.668314],[82.692245,24.719809],[82.623929,24.691878],[82.427145,24.718569],[82.423631,24.647514],[82.302708,24.638135],[82.319038,24.702033],[82.033164,24.859491],[81.881132,24.921528],[81.817156,25.035759],[81.585232,25.079632],[81.536967,25.199754],[81.360543,25.156966],[81.243238,25.169523],[81.239,25.098081],[81.184843,24.97292],[81.09813,24.908609],[80.998808,24.96566],[80.892975,24.984134],[80.778667,24.971499],[80.858868,25.187558],[80.806055,25.212156],[80.717895,25.081984],[80.647202,25.070098],[80.579506,25.147923],[80.515117,25.040668],[80.458376,25.01514],[80.288257,25.016225],[80.265313,25.063819],[80.421996,25.180737],[80.395021,25.246676],[80.326498,25.282256],[80.283606,25.41447],[80.191106,25.413333],[80.124546,25.350959],[80.015302,25.330909],[79.852108,25.247839],[79.86327,25.153245],[79.661112,25.148078],[79.541636,25.176551],[79.468152,25.103843],[79.339065,25.147406],[79.424744,25.257192],[79.294519,25.259415],[79.268991,25.164123],[79.109001,25.195026],[79.024045,25.174639],[78.983427,25.237375],[78.885035,25.265538],[78.954902,25.385712],[78.919142,25.504593],[78.853099,25.434029],[78.748816,25.426149],[78.727526,25.346386],[78.597094,25.414005],[78.515859,25.26621],[78.609807,25.136321],[78.640192,24.96411],[78.732073,24.81492],[78.715433,24.685109],[78.750367,24.629841],[78.878731,24.613201],[78.955005,24.392542],[78.825814,24.230149],[78.746646,24.279423],[78.655902,24.29459],[78.489401,24.410784],[78.385531,24.30123],[78.330134,24.342029],[78.350494,24.407968],[78.277527,24.453107],[78.228848,24.532741],[78.264815,24.583487],[78.261301,24.692653],[78.16911,24.865459],[78.336542,25.022995],[78.366307,25.186008],[78.261921,25.411705],[78.330031,25.464777],[78.370545,25.552678],[78.55844,25.575545],[78.714503,25.62593],[78.753571,25.674273],[78.739825,25.789796],[78.808348,25.84155],[78.954075,26.109983],[78.963274,26.278086],[79.060839,26.355084],[79.028076,26.497556],[78.974436,26.571583],[78.935782,26.694443],[78.842351,26.711936],[78.693213,26.797874],[78.563505,26.758496],[78.371475,26.851049],[78.200116,26.823583]]}},{"type":"Feature","properties":{},"geometry":{"type":"MultiLineString","coordinates":[[[77.280689,27.80944],[77.424453,27.890753],[77.47985,27.898039],[77.526462,27.974468],[77.468068,28.046815],[77.528942,28.25347],[77.466517,28.315223],[77.497006,28.393254],[77.327404,28.519707]],[[77.200797,28.876791],[77.195733,28.997584],[77.141369,29.130341],[77.130724,29.28059],[77.149844,29.403374],[77.064681,29.569513],[77.087832,29.6585],[77.180437,29.804253],[77.229943,29.976646],[77.28472,30.038089],[77.570077,30.27823],[77.585063,30.382926]]]}},{"type":"Feature","properties":{},"geometry":{"type":"LineString","coordinates":[[83.523099,24.529666],[83.401659,24.498298],[83.453956,24.361588],[83.337063,24.140232]]}},{"type":"Feature","properties":{},"geometry":{"type":"LineString","coordinates":[[83.337063,24.140232],[83.206322,23.944017],[83.08881,23.911047],[82.964373,23.913915],[82.800869,23.998716]]}},{"type":"Feature","properties":{},"geometry":{"type":"LineString","coordinates":[[87.783717,25.214094],[87.72615,25.251611],[87.598715,25.266701],[87.523475,25.323778],[87.406686,25.181047],[87.291861,25.174252],[87.265919,25.072165],[87.185511,25.061985],[87.117298,24.970879],[87.119158,24.851145],[87.077507,24.745337],[87.050015,24.597026],[86.925475,24.613588],[86.889922,24.531604],[86.755356,24.588138],[86.702336,24.547778],[86.585651,24.561447],[86.49439,24.479798],[86.438683,24.340375],[86.276419,24.434814],[86.290475,24.551551],[86.154876,24.556098],[86.097722,24.690483],[86.03292,24.712394],[85.911583,24.698467],[85.830865,24.770917],[85.746012,24.770039],[85.64731,24.648573],[85.6624,24.568888],[85.578374,24.557804],[85.526387,24.501554],[85.391408,24.50946],[85.280614,24.487265],[84.96146,24.348385],[84.88901,24.372828],[84.798473,24.496593],[84.588253,24.394429],[84.519213,24.307509],[84.471981,24.307354],[84.311888,24.451144],[84.305376,24.530803],[84.09557,24.504138],[84.043894,24.623898],[83.918423,24.543799],[83.787889,24.537314],[83.695905,24.506282],[83.523099,24.529666]]}},{"type":"Feature","properties":{},"geometry":{"type":"LineString","coordinates":[[83.523099,24.529666],[83.530953,24.703583],[83.508836,24.762081],[83.360214,24.863263],[83.359904,25.008965],[83.323317,25.068005],[83.334273,25.172624],[83.384089,25.235928],[83.774866,25.444959],[83.904264,25.529476],[84.143422,25.736207],[84.212876,25.728042],[84.238921,25.64797],[84.324187,25.658899],[84.314678,25.74215],[84.372762,25.765068],[84.486657,25.700731],[84.600656,25.747008],[84.605513,25.799795],[84.531616,25.862091],[84.419685,25.889557],[84.374313,25.940303],[84.261451,25.931312],[84.150347,26.066006],[84.064874,26.103549],[83.992734,26.241138],[84.187244,26.292788],[84.177632,26.40428],[84.026117,26.46916],[83.955114,26.453915],[83.920077,26.53267],[84.054022,26.564761],[84.099187,26.649588],[84.382994,26.641656],[84.306307,26.744363],[84.246362,26.757049],[84.240781,26.8742],[84.149004,26.876344],[84.070559,26.923602],[84.02343,27.059951],[83.938267,27.164389],[83.942401,27.222499],[83.828816,27.377812]]}},{"type":"Feature","properties":{},"geometry":{"type":"LineString","coordinates":[[77.585063,30.382926],[77.303427,30.460312],[77.147777,30.538679],[77.150258,30.663994],[77.115118,30.722104],[77.001533,30.777347],[76.905725,30.899303],[76.768162,30.907597]]}},{"type":"Feature","properties":{},"geometry":{"type":"LineString","coordinates":[[103.592472,-4.927279],[103.765274,-4.804668]]}},{"type":"Feature","properties":{},"geometry":{"type":"LineString","coordinates":[[101.026596,-2.479951],[101.170962,-2.367142],[101.335603,-2.296965]]}},{"type":"Feature","properties":{},"geometry":{"type":"LineString","coordinates":[[105.827973,-4.157973],[105.709186,-4.149979],[105.513229,-3.868446],[105.309934,-3.755584],[105.266061,-3.886119],[105.128963,-3.956347],[105.111497,-4.059959],[105.008867,-4.169203],[104.839575,-4.220672],[104.674314,-4.296843],[104.527243,-4.320046],[104.397225,-4.405105],[104.309065,-4.440245],[104.292735,-4.494712],[104.308755,-4.627831],[104.264933,-4.707826],[104.336505,-4.814279],[104.297851,-4.892466],[104.210363,-4.893189],[104.081069,-4.946726],[103.889452,-4.9336],[103.854726,-4.854225],[103.765274,-4.804668]]}},{"type":"Feature","properties":{},"geometry":{"type":"LineString","coordinates":[[103.765274,-4.804668],[103.722537,-4.757487],[103.693909,-4.639303],[103.621768,-4.505254],[103.615774,-4.418025],[103.391498,-4.334774],[103.185929,-4.242531],[103.141643,-4.046781],[103.107381,-4.019858],[102.981032,-4.035361],[102.908427,-3.991074],[102.845175,-4.000479],[102.768487,-3.96136],[102.629891,-3.813669],[102.701825,-3.791086],[102.897213,-3.630837],[102.993073,-3.58407],[103.017309,-3.485368],[102.974883,-3.395606],[102.870186,-3.375918],[102.765955,-3.278973],[102.631338,-3.373024],[102.562608,-3.344085],[102.461684,-3.250447],[102.489331,-3.151229],[102.430782,-3.087925],[102.241129,-3.058831],[102.223818,-2.95429],[102.066825,-2.782362]]}},{"type":"Feature","properties":{},"geometry":{"type":"LineString","coordinates":[[102.066825,-2.782362],[101.962645,-2.735027],[101.900426,-2.740143],[101.736716,-2.636273],[101.56422,-2.450238],[101.517142,-2.305234],[101.435752,-2.236246],[101.335603,-2.296965]]}},{"type":"Feature","properties":{},"geometry":{"type":"LineString","coordinates":[[101.335603,-2.296965],[101.259742,-2.081475],[101.142282,-1.919986],[101.113911,-1.704909],[101.226049,-1.728421],[101.475698,-1.702118],[101.519364,-1.639848],[101.675324,-1.499856],[101.678114,-1.288965],[101.79449,-1.23889],[101.840999,-1.166233],[101.782708,-1.131817],[101.769788,-1.038231]]}},{"type":"Feature","properties":{},"geometry":{"type":"LineString","coordinates":[[104.531586,-1.734063],[104.428283,-1.69385],[104.375934,-1.713849],[104.321519,-1.804334],[104.125614,-1.830637],[103.957872,-1.790588],[103.886352,-1.794774],[103.535004,-1.967942],[103.523687,-2.224515],[103.459866,-2.238261],[103.463225,-2.351536],[103.41899,-2.393807],[103.303648,-2.284563],[103.271919,-2.209064],[103.215592,-2.185964],[103.17022,-2.286113],[103.204533,-2.361303],[103.122884,-2.397993],[102.862022,-2.353913],[102.863572,-2.461762],[102.791742,-2.567853],[102.618677,-2.671516],[102.596405,-2.709808],[102.486851,-2.729911],[102.39776,-2.709912],[102.260198,-2.639528],[102.233119,-2.684384],[102.066825,-2.782362]]}},{"type":"Feature","properties":{},"geometry":{"type":"LineString","coordinates":[[101.769788,-1.038231],[101.673774,-0.967486],[101.525256,-0.931932],[101.433685,-0.847131],[101.330849,-0.787238],[101.235971,-0.702592],[101.040324,-0.474493],[101.00012,-0.401319],[100.855839,-0.322254],[100.790003,-0.205724],[100.749024,-0.063975],[100.845607,-0.030334],[100.847157,0.185984],[100.509814,0.443901],[100.368685,0.411293],[100.265384,0.450464],[100.162961,0.648385],[100.206783,0.710706],[100.1734,0.757577]]}},{"type":"Feature","properties":{},"geometry":{"type":"LineString","coordinates":[[100.1734,0.757577],[100.209884,0.866356],[100.209574,1.053528],[100.225387,1.146029],[100.147665,1.224732],[100.130302,1.299973],[100.070977,1.358729],[100.104774,1.415211],[100.35034,1.524817],[100.440877,1.598714],[100.435296,1.666565],[100.375558,1.814463],[100.303573,1.881177],[100.319128,2.045664],[100.312616,2.177283],[100.278717,2.354534],[100.31365,2.554551]]}},{"type":"Feature","properties":{},"geometry":{"type":"LineString","coordinates":[[122.197342,1.027665],[122.045657,0.943767],[121.993102,0.935292],[121.840398,0.970432],[121.507963,0.846925],[121.378462,0.860981],[121.30317,0.8261],[121.23537,0.724607],[121.160439,0.686057],[121.256713,0.586683],[121.333762,0.575624],[121.3334,0.482935]]}},{"type":"Feature","properties":{},"geometry":{"type":"LineString","coordinates":[[103.524679,-0.739341],[103.100147,-0.772201],[102.917315,-0.763416],[102.804351,-0.792975],[102.682188,-0.904492],[102.541214,-1.084946],[102.451814,-1.068203],[102.356213,-1.010016],[102.26056,-0.880359],[102.188884,-0.855658],[102.012616,-0.880411],[101.93505,-0.927282],[101.881823,-0.99999],[101.769788,-1.038231]]}},{"type":"Feature","properties":{},"geometry":{"type":"LineString","coordinates":[[121.598036,-2.972841],[121.781435,-2.985502],[122.057956,-3.092627],[122.207197,-3.111489],[122.348944,-3.246376]]}},{"type":"Feature","properties":{},"geometry":{"type":"LineString","coordinates":[[119.87349,-1.955384],[119.822743,-1.871823],[119.846411,-1.791725],[119.822433,-1.729041],[119.724661,-1.612511],[119.692519,-1.461254],[119.641669,-1.393713],[119.494495,-1.329324],[119.526534,-1.223594],[119.601775,-1.15073],[119.572113,-1.052028],[119.56622,-0.833692]]}},{"type":"Feature","properties":{},"geometry":{"type":"LineString","coordinates":[[106.76292,-6.301424],[106.923892,-6.381522],[106.984974,-6.235433],[106.988821,-6.02701]]}},{"type":"Feature","properties":{},"geometry":{"type":"LineString","coordinates":[[106.76292,-6.301424],[106.701994,-6.210112],[106.684114,-6.101901],[106.731049,-6.058852]]}},{"type":"Feature","properties":{},"geometry":{"type":"LineString","coordinates":[[120.909344,31.011725],[120.882989,31.140038],[121.034711,31.143758],[121.058637,31.248403],[121.126281,31.276954],[121.135583,31.374416],[121.186794,31.457512],[121.340912,31.490953]]}},{"type":"Feature","properties":{},"geometry":{"type":"LineString","coordinates":[[119.629784,31.13288],[119.362771,31.19236],[119.316831,31.266722],[119.162887,31.287445],[119.074727,31.238843],[118.816086,31.226337],[118.755728,31.280804],[118.751026,31.357957],[118.827249,31.397541],[118.88094,31.522443],[118.860477,31.627372],[118.680746,31.646751],[118.684363,31.700856],[118.476882,31.79023],[118.481068,31.858702],[118.35198,31.946681],[118.383141,32.053961],[118.499052,32.137677],[118.514399,32.199766],[118.65036,32.237878],[118.684053,32.339241],[118.667878,32.453213],[118.61181,32.477682],[118.551813,32.574446],[118.751853,32.612506],[118.891327,32.595685],[119.080515,32.446082],[119.199371,32.593721],[119.190379,32.711234],[119.109505,32.833888],[119.008943,32.909542],[118.992975,32.962045],[118.857376,32.972303],[118.797741,32.865074],[118.748235,32.838539],[118.720175,32.732137],[118.399109,32.730897],[118.299684,32.777405],[118.239016,32.923701],[118.248421,33.013412],[118.218035,33.179913],[118.080731,33.149553],[117.996447,33.167821],[117.931851,33.235129],[118.121504,33.611256],[118.176746,33.692621],[118.123674,33.766001],[117.925547,33.733962],[117.752224,33.72435],[117.745557,33.882273],[117.687525,33.887596],[117.650886,33.982474],[117.57239,33.990458],[117.503453,34.049757],[117.391729,34.031256],[117.321294,34.07885],[117.159443,34.091175],[117.033921,34.155538],[116.969533,34.275402],[116.949482,34.389297],[116.802256,34.400071],[116.769545,34.451825],[116.624851,34.485001],[116.428119,34.639695],[116.377217,34.63954]]}},{"type":"Feature","properties":{},"geometry":{"type":"LineString","coordinates":[[119.629784,31.13288],[119.740113,31.176495],[119.931936,31.150037],[119.943098,31.086578],[120.128616,30.943176],[120.213417,30.920542],[120.361677,30.938758],[120.446943,30.889691],[120.490971,30.763704],[120.577891,30.845792],[120.709459,30.891086],[120.692096,30.976559],[120.909344,31.011725]]}},{"type":"Feature","properties":{},"geometry":{"type":"LineString","coordinates":[[120.909344,31.011725],[120.969185,31.009451],[120.981019,30.832046],[121.104371,30.834346],[121.256144,30.744067],[121.274807,30.69124]]}},{"type":"Feature","properties":{},"geometry":{"type":"LineString","coordinates":[[118.446445,28.288687],[118.476262,28.33225],[118.457917,28.517381],[118.415852,28.604042],[118.425516,28.6952],[118.371669,28.798604],[118.302888,28.835785],[118.229042,28.954538],[118.063936,29.050553],[118.000787,29.143932],[118.051999,29.275319],[118.132356,29.297928],[118.17473,29.407869]]}},{"type":"Feature","properties":{},"geometry":{"type":"LineString","coordinates":[[118.17473,29.407869],[118.373219,29.452828],[118.469596,29.523935],[118.556929,29.62522],[118.648086,29.658293],[118.723741,29.730201],[118.741311,29.828361],[118.820117,29.880037],[118.893963,29.982589],[118.852725,30.159271],[118.909466,30.222212],[118.881095,30.324351],[118.934684,30.352127],[119.057519,30.311871],[119.210688,30.313731],[119.362875,30.404475],[119.32081,30.518163],[119.241539,30.550849],[119.350627,30.675363],[119.443128,30.639215],[119.500541,30.769388],[119.574955,30.847058],[119.629784,31.13288]]}},{"type":"Feature","properties":{},"geometry":{"type":"LineString","coordinates":[[115.887531,24.916774],[115.888462,24.999947],[115.842831,25.194742],[115.907995,25.238279],[115.97874,25.35083],[116.000186,25.497178],[116.044524,25.574589],[116.027574,25.636368],[116.123693,25.764242],[116.135165,25.866328],[116.180175,25.90723],[116.323215,25.955109],[116.397268,26.061459],[116.419282,26.152874],[116.398973,26.287543],[116.501654,26.407045],[116.594465,26.395082],[116.619476,26.492078],[116.542323,26.562798],[116.504961,26.689301],[116.545269,26.867869],[116.669706,26.986906],[116.923437,27.021012],[117.040123,27.109534],[117.153811,27.276397],[117.101101,27.346652],[117.124665,27.429928],[117.112263,27.56762],[117.225124,27.72345],[117.287136,27.77262],[117.284242,27.857034],[117.544433,27.966665],[117.605256,27.866155],[117.745557,27.81329],[117.823434,27.937261],[117.946475,27.973202],[118.0613,27.979016],[118.130702,28.040537],[118.367793,28.099706],[118.34888,28.219802],[118.446445,28.288687]]}},{"type":"Feature","properties":{},"geometry":{"type":"LineString","coordinates":[[118.446445,28.288687],[118.498897,28.262435],[118.735213,28.325972],[118.797018,28.212929],[118.76565,28.178177],[118.748132,27.973202],[118.819807,27.90995],[118.889467,27.722158],[118.922695,27.549998],[119.005274,27.480054],[119.185831,27.419929],[119.26562,27.424114],[119.390367,27.51261],[119.467313,27.525297],[119.511703,27.636711],[119.615831,27.665573],[119.686576,27.511293],[119.693397,27.41104],[119.770085,27.315878],[120.064434,27.343628],[120.147736,27.400214],[120.248919,27.410162],[120.344004,27.379647],[120.405809,27.296861],[120.4192,27.206366]]}},{"type":"Feature","properties":{},"geometry":{"type":"LineString","coordinates":[[81.758969,17.908933],[81.92361,18.000219],[82.042362,18.043266],[82.131866,18.038848],[82.240076,17.992933],[82.32989,18.044041],[82.352834,18.1553],[82.309529,18.194755],[82.360792,18.291623],[82.368234,18.413993],[82.449056,18.5221],[82.502696,18.510628],[82.511274,18.422209],[82.597367,18.325213],[82.586722,18.244391],[82.781438,18.357846],[82.779681,18.416731],[82.878383,18.409083],[82.904118,18.35534],[83.0392,18.390351],[83.036513,18.469493],[83.083539,18.525329],[83.028142,18.640852],[83.126534,18.758158],[83.201671,18.741621],[83.394218,18.869417],[83.326831,18.929698],[83.341404,19.004577],[83.423673,18.964347],[83.490129,19.051551],[83.572605,19.069947],[83.612809,19.129789],[83.706447,19.001424],[83.801841,18.999952],[83.854241,18.860038],[83.902404,18.805648],[84.071386,18.81787],[84.153138,18.787717],[84.317779,18.80924],[84.462576,18.946312],[84.525208,19.032973],[84.64148,19.10054],[84.6945,19.160588],[84.777761,19.116197]]}},{"type":"Feature","properties":{},"geometry":{"type":"LineString","coordinates":[[78.229572,12.759893],[78.285899,12.843377],[78.415813,12.948202],[78.516479,13.089098],[78.568362,13.274823],[78.38088,13.322753],[78.350184,13.376109],[78.374679,13.579637],[78.184096,13.601547],[78.068238,13.698725],[78.096763,13.809002],[78.032684,13.884734],[77.92065,13.830474],[77.878792,13.916619],[77.734925,13.824221],[77.593228,13.767093],[77.499487,13.704461],[77.44254,13.701955],[77.384042,13.846726],[77.292058,13.848432],[77.152221,13.903596],[77.102612,13.849672],[77.133204,13.784818],[77.032332,13.746241],[76.958538,13.781614],[77.010421,13.904991],[76.935904,14.010902],[76.942622,14.06108],[76.872962,14.137354],[76.973628,14.156087],[76.995332,14.066377],[77.112327,14.005063],[77.289267,14.010747],[77.332365,13.908169],[77.387969,13.962946],[77.327921,14.052166],[77.368539,14.163425],[77.467758,14.192442],[77.46104,14.290136],[77.384352,14.261972],[77.278208,14.295588],[77.256814,14.333957],[77.111294,14.329617],[77.045458,14.231664],[76.908205,14.257864],[76.86242,14.347238],[76.931563,14.457567],[76.829967,14.478651],[76.752866,14.565597],[76.761858,14.763673],[76.799685,14.794834],[76.822216,14.920976],[76.719483,14.989731],[76.764338,15.094118],[76.947996,15.021642],[77.080391,15.036654],[77.12814,15.132255],[77.104886,15.308213],[77.025924,15.351492],[76.999672,15.613776],[77.084939,15.667287],[77.025304,15.781285],[77.034089,15.873734],[77.143746,15.960706],[77.226429,15.976389],[77.446467,15.95298]]}},{"type":"Feature","properties":{},"geometry":{"type":"LineString","coordinates":[[77.446467,15.95298],[77.641205,15.900662],[77.849864,15.893866],[77.88795,15.919135],[78.087494,15.832953],[78.235281,15.950466],[78.255951,16.005683],[78.399994,16.083441],[78.499766,16.093777],[78.73406,16.0303],[78.839447,16.066718],[78.839122,16.124823],[79.021658,16.247138],[79.160574,16.219346],[79.214773,16.244493],[79.233409,16.330512],[79.213471,16.493232],[79.265636,16.569607],[79.406261,16.587226],[79.504324,16.641872],[79.720876,16.689032],[79.751964,16.723741],[79.882335,16.703233],[79.9581,16.630439],[80.042979,16.738552],[80.073334,16.822862],[80.002428,16.871004],[80.077643,16.972555],[80.220451,17.033251],[80.280555,16.997387],[80.350986,16.862136],[80.506146,16.792487],[80.586234,16.933936],[80.474283,16.936564],[80.38431,16.975982],[80.501756,17.10797],[80.590939,17.139791],[80.669698,17.079924],[80.829519,17.046021],[80.893078,17.155634],[80.99048,17.21818],[81.144193,17.249538],[81.214333,17.323635],[81.408339,17.370643],[81.469526,17.420487],[81.535249,17.637689],[81.628586,17.763421],[81.775781,17.833207],[81.758969,17.908933]]}},{"type":"Feature","properties":{},"geometry":{"type":"LineString","coordinates":[[115.677518,-1.425907],[115.68005,-1.360899],[115.426629,-1.434486],[115.404253,-1.474432],[115.338263,-1.76537],[115.358365,-1.903863],[115.30798,-1.991919],[115.330149,-2.037085],[115.130937,-2.207617],[114.904801,-2.262549],[114.878962,-2.326318],[114.908108,-2.418663],[114.82217,-2.561962],[114.785428,-2.688776],[114.675047,-2.759418],[114.631226,-2.822256],[114.504463,-2.880961],[114.471132,-3.003951],[114.310683,-3.433914]]}},{"type":"Feature","properties":{},"geometry":{"type":"MultiLineString","coordinates":[[[80.260173,13.468452],[80.097571,13.463752],[79.961972,13.416546],[79.956701,13.365774],[79.816348,13.294925],[79.784929,13.224025],[79.696769,13.235807],[79.667933,13.291282],[79.571712,13.284073],[79.54422,13.323528],[79.449549,13.33115],[79.420197,13.219994],[79.31488,13.131989],[79.250801,13.147751],[79.161608,13.044915],[79.077582,13.035587],[78.944153,13.093387],[78.736207,13.06096],[78.64474,12.991998],[78.582625,12.778213],[78.419121,12.63264],[78.352768,12.641503],[78.229572,12.759893]],[[80.288097,13.527086],[80.277749,13.512516]]]}},{"type":"Feature","properties":{},"geometry":{"type":"LineString","coordinates":[[99.151165,0.252457],[99.34234,0.473615],[99.584495,0.562757],[99.685368,0.500693],[99.814094,0.468189],[99.908197,0.503587],[99.914656,0.568596],[99.818073,0.708691],[99.794198,0.780056],[99.710483,0.848889],[99.826393,0.868216],[100.1734,0.757577]]}},{"type":"Feature","properties":{},"geometry":{"type":"LineString","coordinates":[[98.101334,2.188621],[98.127633,2.32699],[98.062573,2.444347],[98.025314,2.576122],[98.069394,2.676995],[98.057043,2.812128],[97.922788,2.90928],[97.895606,3.082603],[97.936379,3.140635],[97.86398,3.257424],[97.989554,3.330391],[97.906768,3.433021],[97.914158,3.483767],[97.843827,3.579885],[97.783882,3.744785],[97.893333,3.848189],[97.890232,3.915162],[98.001026,3.980067],[98.062728,4.24031],[98.188405,4.294777],[98.267589,4.287909]]}},{"type":"Feature","properties":{},"geometry":{"type":"LineString","coordinates":[[73.166315,20.114871],[73.16094,20.047485],[72.997229,20.039811],[72.947207,20.127402]]}},{"type":"Feature","properties":{},"geometry":{"type":"LineString","coordinates":[[117.356796,40.257026],[117.250549,40.337822],[117.23794,40.450193],[117.184145,40.49727],[117.243108,40.57016],[117.411779,40.597367],[117.428523,40.669042],[117.303466,40.661808],[117.199183,40.690023],[117.058003,40.677207],[116.910415,40.749218],[116.675804,40.940137],[116.652653,41.03101],[116.438195,40.899726],[116.458866,40.791567],[116.291434,40.739891],[116.207305,40.750381],[116.130359,40.657984],[115.994708,40.595972],[115.874457,40.610235],[115.728161,40.539593],[115.945202,40.293717],[115.819835,40.151891],[115.577628,40.096313],[115.427094,39.962574],[115.496444,39.923636],[115.510914,39.838499],[115.437326,39.749305],[115.463423,39.643214],[115.618452,39.603733],[115.755911,39.508958],[115.945409,39.575388],[116.000599,39.557612],[116.210406,39.5719],[116.249783,39.505806],[116.386622,39.442141],[116.428274,39.521412],[116.604387,39.611174],[116.793419,39.602312]]}},{"type":"Feature","properties":{},"geometry":{"type":"MultiLineString","coordinates":[[[116.793419,39.602312],[116.875636,39.686467]],[[117.239077,40.092618],[117.310597,40.110472],[117.37204,40.200647],[117.356796,40.257026]]]}},{"type":"Feature","properties":{},"geometry":{"type":"LineString","coordinates":[[113.721049,36.355869],[113.630822,36.438086],[113.535117,36.483381],[113.547364,36.548519],[113.458739,36.6358],[113.453933,36.736621],[113.607774,36.769074],[113.679242,36.8716],[113.776032,36.890617],[113.754328,37.114944],[113.857681,37.208944],[113.886723,37.296122],[114.053121,37.50058],[114.096323,37.59954],[114.100405,37.69819],[114.026353,37.750771],[113.987131,37.839034],[113.891477,37.949467],[113.790657,38.152865],[113.557906,38.243428],[113.518012,38.377606],[113.534497,38.537286],[113.608962,38.644463],[113.66901,38.660276],[113.825125,38.810267],[113.760219,38.909202],[113.85334,39.072292],[114.01271,39.118827],[114.089088,39.074359],[114.216316,39.069037],[114.393979,39.169341],[114.420334,39.299979],[114.540947,39.531231],[114.402144,39.658458],[114.382817,39.861056],[114.233214,39.876429],[114.085988,39.916918],[113.935919,40.015723],[113.995967,40.131814],[114.085367,40.185015],[114.450306,40.293768],[114.433667,40.360534],[114.285769,40.378569],[114.257553,40.54998],[114.15172,40.67359],[114.154097,40.742578]]}},{"type":"Feature","properties":{},"geometry":{"type":"LineString","coordinates":[[118.009563,39.218552],[118.007919,39.342663],[117.897124,39.398681],[117.892784,39.564614],[117.630887,39.575879],[117.622516,39.666416],[117.533116,39.750416],[117.501283,39.988722],[117.765556,39.964073],[117.749743,40.063472],[117.451054,40.226692],[117.356796,40.257026]]}},{"type":"Feature","properties":{},"geometry":{"type":"LineString","coordinates":[[115.460322,36.157871],[115.44885,36.249157],[115.343327,36.352148],[115.275734,36.474208],[115.341622,36.599756],[115.477841,36.753571],[115.62641,36.793568],[115.773016,36.945704],[115.851823,37.057222],[115.90722,37.206463],[115.97502,37.321702],[116.115011,37.368107],[116.255571,37.387331],[116.219914,37.462365],[116.350087,37.620908],[116.4106,37.484637],[116.608728,37.639408],[116.743913,37.799295],[116.839515,37.83366],[117.420616,37.846682],[117.568669,38.048918],[117.687318,38.072663],[117.779819,38.164441],[117.837159,38.270908]]}},{"type":"Feature","properties":{},"geometry":{"type":"LineString","coordinates":[[115.460322,36.157871],[115.349683,36.082191],[115.245245,36.161359],[115.10608,36.184562],[115.033837,36.100949],[114.930691,36.056559],[114.893173,36.119579],[114.707242,36.152781],[114.548388,36.139035],[114.343078,36.244713],[114.156268,36.246677],[114.063147,36.277062],[113.989301,36.359021],[113.808278,36.339384],[113.721049,36.355869]]}},{"type":"Feature","properties":{},"geometry":{"type":"LineString","coordinates":[[116.377217,34.63954],[116.266888,34.576701],[116.151288,34.566728]]}},{"type":"Feature","properties":{},"geometry":{"type":"LineString","coordinates":[[116.151288,34.566728],[116.043749,34.600214],[115.816425,34.57143],[115.706767,34.600266],[115.646357,34.568691],[115.541713,34.577528],[115.435776,34.675713],[115.429265,34.779712],[115.317644,34.842835],[115.216048,34.835729],[115.1745,34.944172],[114.997767,35.007786],[114.834211,35.016183],[114.864286,35.188705],[114.941749,35.218833],[115.068357,35.380115],[115.226538,35.416236],[115.345032,35.496257],[115.395055,35.615759],[115.504247,35.722833],[115.654987,35.746346],[115.761338,35.849182],[115.873785,35.865511],[115.86345,35.925043],[115.965718,35.985917],[116.033672,35.965815],[116.077287,36.10312],[115.926909,36.021988],[115.828724,36.031031],[115.738703,35.968606],[115.530292,35.911193],[115.468229,35.912925],[115.416397,35.823757],[115.317644,35.791511],[115.33387,35.93114],[115.423994,35.994599],[115.460322,36.157871]]}},{"type":"Feature","properties":{},"geometry":{"type":"LineString","coordinates":[[81.39403,17.806691],[81.444156,17.879736],[81.542548,18.262451],[81.643833,18.292372],[81.740572,18.357898],[81.792352,18.438436],[81.913274,18.544915],[81.903663,18.621913],[81.968982,18.685733],[82.138894,18.747254],[82.169073,18.878719],[82.22447,18.921946],[82.224987,19.015196],[82.145405,19.244226],[82.168659,19.386595],[82.02903,19.517853],[82.029133,19.776468],[81.824184,19.913255],[81.867799,20.046658],[81.939629,20.104665],[82.046083,20.017874],[82.096209,20.050637],[82.228397,19.95873],[82.290306,19.836051],[82.381359,19.885944],[82.682323,19.822666],[82.695035,20.000537],[82.611216,19.988134],[82.415569,20.066967],[82.433656,20.159002],[82.421874,20.42803],[82.340225,20.556342],[82.366683,20.657086],[82.341982,20.86082],[82.4535,20.846867],[82.562124,20.954458],[82.668164,21.155479],[82.96458,21.178527],[83.078165,21.114551],[83.198261,21.172558],[83.279393,21.3588],[83.361041,21.33676],[83.381195,21.399547],[83.327658,21.499153],[83.351946,21.577262],[83.444034,21.718597],[83.473179,21.807171],[83.557102,21.834921],[83.570641,21.923055],[83.515347,21.963853],[83.54625,22.101623],[83.605367,22.195984],[83.733112,22.262285],[83.841425,22.348584],[83.945812,22.371193],[83.996455,22.440543],[83.970203,22.539348]]}},{"type":"Feature","properties":{},"geometry":{"type":"LineString","coordinates":[[83.970203,22.539348],[84.067045,22.499583],[84.147763,22.386773],[84.310957,22.324012],[84.420822,22.330989],[84.530066,22.423024],[84.733671,22.427288],[84.80085,22.45018],[84.908337,22.421965],[85.065537,22.5032],[85.100367,22.393956],[85.087758,22.280165],[84.985232,22.112785],[85.109152,22.108496],[85.232038,22.035322],[85.324126,22.126686],[85.425205,22.164487],[85.550675,22.107591],[85.679143,22.075862],[85.792211,22.129089],[85.784666,22.011887],[85.834275,21.986126],[85.916234,22.022119],[85.974112,22.104594],[85.964603,22.24487],[85.986514,22.393621],[85.938765,22.500513],[86.039844,22.556737],[86.102476,22.500126],[86.268047,22.422404],[86.366026,22.330058],[86.486639,22.336854],[86.686523,22.218024]]}},{"type":"Feature","properties":{},"geometry":{"type":"LineString","coordinates":[[116.377217,34.63954],[116.420212,34.834256],[116.470028,34.898258],[116.631879,34.937945],[116.827629,34.958306],[116.941421,34.879628],[116.993252,34.774002],[117.060586,34.709458],[117.181819,34.450146],[117.235459,34.461256],[117.273907,34.563679],[117.336952,34.588613],[117.469037,34.475338],[117.590683,34.471591],[117.653212,34.52611],[117.773308,34.526549],[117.790051,34.651167],[117.914694,34.676953],[118.050448,34.651477],[118.165429,34.399244],[118.391048,34.443738],[118.422725,34.578484],[118.477192,34.689201],[118.596358,34.707494],[118.680746,34.683852],[118.759449,34.748629],[118.776657,34.833636],[118.842286,34.93456],[118.866781,35.036311],[119.076277,35.049825],[119.175599,35.10592],[119.296246,35.070509]]}},{"type":"Feature","properties":{},"geometry":{"type":"LineString","coordinates":[[81.758969,17.908933],[81.578411,17.79695],[81.39403,17.806691]]}},{"type":"Feature","properties":{},"geometry":{"type":"LineString","coordinates":[[93.312095,24.032537],[93.248603,24.056982],[93.105666,24.044941],[92.995492,24.095274],[93.018436,24.399131]]}},{"type":"Feature","properties":{},"geometry":{"type":"LineString","coordinates":[[92.246309,23.68261],[92.270678,23.829114],[92.318634,23.850534],[92.325352,24.188343],[92.29848,24.23772]]}},{"type":"Feature","properties":{},"geometry":{"type":"LineString","coordinates":[[119.85019,39.986314],[119.738046,40.099517],[119.742593,40.205195],[119.634745,40.209071],[119.580123,40.373402],[119.599863,40.476935],[119.563689,40.540058],[119.293628,40.530705],[119.189759,40.620105],[119.190999,40.70041],[119.067906,40.651343],[118.854689,40.820609],[118.96476,41.074702],[119.047752,41.094391],[119.163507,41.176402],[119.230997,41.273398]]}},{"type":"Feature","properties":{},"geometry":{"type":"LineString","coordinates":[[94.654788,25.444758],[94.552813,25.490331],[94.564699,25.684221],[94.325333,25.512035],[94.209371,25.495498],[94.026747,25.553841],[93.803195,25.543557],[93.808569,25.446096],[93.679068,25.328273],[93.605481,25.2058],[93.449211,25.302125]]}},{"type":"Feature","properties":{},"geometry":{"type":"LineString","coordinates":[[111.996554,24.735674],[111.932476,24.698286],[111.933251,24.601367],[112.005546,24.553075],[111.990922,24.465871],[112.047301,24.381458],[111.975936,24.276761],[111.869327,24.231829],[111.899144,23.990862],[111.807884,23.909239],[111.793311,23.849191],[111.657505,23.841697],[111.613735,23.759868],[111.601178,23.658014],[111.471005,23.613236],[111.4693,23.557916],[111.391217,23.431257],[111.362846,23.273024],[111.369978,23.139105],[111.410957,23.052598],[111.351219,22.908214],[111.277167,22.81853],[111.181462,22.748534],[111.066017,22.740576],[111.023797,22.63867],[110.754563,22.580172],[110.696995,22.368712],[110.774562,22.283653],[110.670796,22.267582],[110.642373,22.183452],[110.466725,22.151],[110.414119,22.198309],[110.333555,22.190455],[110.355466,22.10077],[110.355879,21.888974],[110.216146,21.874531],[110.142352,21.897449],[109.967221,21.866728],[109.91725,21.687152],[109.759844,21.559548]]}},{"type":"Feature","properties":{},"geometry":{"type":"LineString","coordinates":[[104.539852,24.741772],[104.729349,24.631391],[104.851874,24.705831],[104.876731,24.755027],[105.012485,24.797479],[105.100076,24.954317],[105.205909,25.0039],[105.289419,24.933181],[105.380731,24.957107],[105.444396,24.923621],[105.50863,24.817452],[105.675338,24.789676],[105.787734,24.715727],[105.91646,24.728723],[106.001158,24.64847],[106.176186,24.782234],[106.198717,24.876802],[106.155722,24.960363],[106.306566,24.981473],[106.587117,25.104359],[106.666802,25.173503],[106.885962,25.196964],[106.909268,25.248356],[106.995516,25.255384],[107.014585,25.353414],[106.974587,25.440437],[107.021923,25.497953],[107.244235,25.558595],[107.397869,25.387288],[107.424069,25.303107],[107.498896,25.21412],[107.641626,25.267528],[107.776037,25.152987],[107.861871,25.145959],[107.966568,25.20903],[108.06775,25.213138],[108.129194,25.26882],[108.131829,25.386435],[108.29337,25.5387],[108.404784,25.514877],[108.567875,25.415865],[108.694637,25.602003],[108.767759,25.598929],[108.774115,25.521931],[108.941185,25.548828],[109.024384,25.59495],[109.044228,25.709103],[108.952658,25.691378],[108.953329,25.775714],[109.085363,25.805428],[109.148615,25.750651],[109.30044,25.743054],[109.399142,25.998543],[109.456709,26.03885]]}},{"type":"Feature","properties":{},"geometry":{"type":"LineString","coordinates":[[109.456709,26.03885],[109.60316,26.052674],[109.672252,25.985313],[109.676593,25.889066],[109.772039,25.908161],[109.781341,26.023761],[109.838443,26.045026],[109.911669,26.181219],[110.062047,26.149929],[110.033625,26.036499],[110.138218,26.051666],[110.246997,25.978208],[110.341668,26.112748],[110.484554,26.171555],[110.53654,26.22486],[110.577054,26.350795],[110.688624,26.332321],[110.724022,26.274314],[110.878948,26.275218],[110.935482,26.382473],[111.123274,26.305992],[111.251897,26.279714],[111.256703,26.210132],[111.202081,25.930278],[111.256238,25.86899],[111.408322,25.90785],[111.411267,25.802611],[111.323727,25.729825],[111.304969,25.639159],[111.315821,25.503198],[111.253757,25.399122],[111.164202,25.364938],[111.113766,25.238641],[110.993205,25.150765],[110.954602,25.025346],[111.006279,24.935455],[111.079039,24.94424],[111.125755,25.044466],[111.274376,25.147664],[111.426925,25.106194],[111.461858,25.019481],[111.429716,24.943413],[111.473641,24.792854],[111.428165,24.681026],[111.516945,24.642656],[111.615751,24.706968],[111.667117,24.779676],[111.797032,24.760427],[111.925964,24.774871],[111.996554,24.735674]]}},{"type":"Feature","properties":{},"geometry":{"type":"LineString","coordinates":[[113.927548,25.448111],[114.01209,25.435114],[114.026043,25.267657],[114.114978,25.30843],[114.278844,25.291816],[114.384367,25.335301],[114.429222,25.38597],[114.569317,25.406873],[114.580479,25.360054],[114.706932,25.289568],[114.683057,25.163451],[114.729307,25.118881],[114.548233,25.054466],[114.413513,24.97969],[114.383592,24.884683],[114.301633,24.758644],[114.192338,24.695263],[114.289386,24.595631],[114.424882,24.49959],[114.498107,24.55584],[114.641923,24.58527],[114.711582,24.554548],[114.74047,24.625241],[114.862684,24.587828],[114.944643,24.669967],[115.046963,24.706658],[115.139102,24.684153],[115.239664,24.746113],[115.420583,24.78456],[115.541144,24.68547],[115.599177,24.609067],[115.705785,24.545711],[115.799216,24.572738],[115.74909,24.74774],[115.787279,24.860912],[115.887531,24.916774]]}},{"type":"Feature","properties":{},"geometry":{"type":"LineString","coordinates":[[115.887531,24.916774],[116.035688,24.893571],[116.114701,24.846055],[116.372101,24.841301],[116.529559,24.615371],[116.603767,24.655834],[116.745308,24.670923],[116.748564,24.551499],[116.882406,24.393989],[116.967672,24.185113],[116.924832,24.0776],[117.036505,23.738267],[117.174622,23.616348]]}},{"type":"Feature","properties":{},"geometry":{"type":"LineString","coordinates":[[78.200116,26.823583],[78.101207,26.795109],[78.0794,26.682919],[78.012841,26.69558],[77.90277,26.664032],[77.831456,26.575768],[77.715081,26.506031],[77.616792,26.482983],[77.431274,26.373662],[77.323374,26.351984],[77.209686,26.241964],[77.124729,26.237856],[77.082458,26.185275],[76.907998,26.098588],[76.727028,25.9163],[76.651787,25.922656],[76.545953,25.848293],[76.478361,25.7198],[76.551431,25.460126],[76.652304,25.379175],[76.780151,25.33202],[76.913476,25.309308],[77.080598,25.353181],[77.201624,25.35561],[77.255471,25.433512],[77.358617,25.407106],[77.362958,25.262128],[77.398925,25.212234],[77.341254,25.113997],[77.187361,25.12751],[76.999362,25.08772],[76.860973,25.033795],[76.883194,24.896956],[76.780564,24.837141],[76.848054,24.759703],[76.966806,24.737483],[77.037396,24.670303],[77.035226,24.538399],[76.942932,24.500236],[76.880507,24.56186],[76.806196,24.555788],[76.814567,24.360115],[76.891565,24.240924],[76.870275,24.181651],[76.766612,24.160334],[76.572515,24.273247],[76.542749,24.215189],[76.45614,24.265031],[76.230314,24.277872],[76.132749,24.329394],[76.116626,24.134031],[75.99901,24.051116],[75.997873,23.983937],[75.899378,23.918334],[75.776491,23.883142],[75.699804,23.793199],[75.597071,23.8179],[75.578157,23.875726],[75.490307,23.939934],[75.538883,24.041375],[75.621772,23.995228],[75.729983,24.00068],[75.805017,24.119122],[75.747759,24.190048],[75.794785,24.251647],[75.734427,24.423962],[75.792201,24.494164],[75.874883,24.514266],[75.869406,24.599377],[75.758818,24.777377],[75.648954,24.738335],[75.448036,24.703144],[75.20371,24.724951],[75.17198,24.762546],[75.317915,24.955247],[75.235129,25.040229],[75.133326,25.040022],[75.084441,24.888895],[74.981398,24.863031],[74.875874,24.919358],[74.81531,24.916516],[74.837841,24.797143],[74.974266,24.785748],[74.965378,24.694049],[74.869673,24.665575],[74.806525,24.735777],[74.711853,24.523852],[74.846832,24.435511],[74.766424,24.35872],[74.759292,24.256685],[74.869983,24.236118],[74.893134,24.134496],[74.968169,24.032771],[74.908327,23.896733],[74.90657,23.791313],[74.939023,23.687366],[74.822958,23.500116],[74.648188,23.43056],[74.569537,23.36785],[74.53636,23.250907],[74.65842,23.226464],[74.715884,23.179206],[74.611911,23.112672],[74.476106,23.062365],[74.323453,23.036062]]}},{"type":"Feature","properties":{},"geometry":{"type":"LineString","coordinates":[[111.996554,24.735674],[112.066369,24.796575],[112.144762,24.793552],[112.164761,24.911994],[112.120991,24.949278],[112.182745,25.152574],[112.213957,25.200374],[112.458387,25.164252],[112.663335,25.113144],[112.714082,24.999508],[112.807823,24.942845],[112.988897,24.963929],[112.95877,25.056145],[112.969053,25.180582],[112.88911,25.241457],[112.917377,25.324863],[113.089769,25.41416],[113.217462,25.505575],[113.421635,25.3838],[113.523438,25.385583],[113.582452,25.325948],[113.713866,25.360907],[113.828071,25.356747],[113.927548,25.448111]]}},{"type":"Feature","properties":{},"geometry":{"type":"LineString","coordinates":[[74.516517,29.94719],[74.547006,29.860813],[74.466494,29.798931],[74.506285,29.73679],[74.602713,29.726351],[74.574808,29.589693],[74.602093,29.470424],[74.537084,29.441382],[74.612841,29.332809],[74.758569,29.364254],[74.821408,29.402934],[74.90719,29.378465],[74.969616,29.284337],[75.106558,29.238216],[75.249702,29.256406],[75.328353,29.296222],[75.391502,29.252685],[75.392949,29.105976],[75.452067,29.023862],[75.515009,28.996473],[75.485966,28.926839],[75.593557,28.642671],[75.698563,28.520559],[75.887079,28.403848],[76.026192,28.262229],[76.032496,28.187815],[75.961906,28.139497],[75.992809,28.050691],[75.931521,27.91809],[75.99994,27.842745],[76.215018,27.841505],[76.180084,27.909563],[76.163341,28.0579],[76.266694,28.077485],[76.36798,28.15637],[76.453453,28.162829],[76.553085,27.971239],[76.657988,28.016972],[76.646826,28.085521],[76.856632,28.228975],[76.940555,28.122987],[76.920918,28.033535],[76.940555,27.852099],[76.900867,27.73438],[76.973007,27.679293],[77.040807,27.807295],[77.280689,27.80944]]}},{"type":"Feature","properties":{},"geometry":{"type":"LineString","coordinates":[[77.280689,27.80944],[77.345595,27.541885],[77.459799,27.385073],[77.606147,27.32363],[77.657307,27.202707],[77.591368,27.130747],[77.51344,27.109224],[77.628471,26.97316],[77.460833,26.904224],[77.510546,26.833324],[77.704642,26.929752],[77.976564,26.904379],[78.106892,26.947296],[78.22306,26.937064],[78.200116,26.823583]]}},{"type":"Feature","properties":{},"geometry":{"type":"LineString","coordinates":[[76.814567,30.789129],[76.703773,30.781403],[76.775603,30.677404],[76.82728,30.680712]]}},{"type":"Feature","properties":{},"geometry":{"type":"LineString","coordinates":[[74.516517,29.94719],[73.915933,29.979902],[73.898466,30.034911],[73.969677,30.137437],[73.933167,30.221774]]}},{"type":"Feature","properties":{},"geometry":{"type":"LineString","coordinates":[[75.847391,32.516749],[75.911677,32.431354],[75.692672,32.272268],[75.622909,32.258522],[75.639445,32.146849],[75.601618,32.068947],[75.706521,32.049827],[75.879741,31.97239],[75.964283,31.848754],[75.923252,31.806276],[76.07053,31.564172],[76.158484,31.338553],[76.275376,31.310441],[76.373561,31.419245],[76.433505,31.317804],[76.561146,31.276722],[76.645172,30.999271],[76.768162,30.907597]]}},{"type":"Feature","properties":{},"geometry":{"type":"MultiLineString","coordinates":[[[76.768162,30.907597],[76.832758,30.842278],[76.814567,30.789129]],[[76.82728,30.680712],[76.886604,30.633789],[76.904898,30.384089],[76.752866,30.43052],[76.714315,30.337115],[76.605588,30.274431],[76.624812,30.142837],[76.531381,30.083978],[76.429578,30.140357],[76.266694,30.113692],[76.178121,29.954684],[76.22556,29.869082],[75.956945,29.738624],[75.886665,29.749244],[75.786,29.83097],[75.717684,29.778028],[75.604409,29.764669],[75.445762,29.806191],[75.31161,29.656175],[75.29528,29.574862],[75.234612,29.561788],[75.172084,29.688214],[75.23823,29.748779],[75.187897,29.834743],[75.105214,29.821384],[75.072762,29.891147],[74.99566,29.872983],[74.90347,29.954839],[74.823371,29.984992],[74.710717,29.968378],[74.650669,29.914066],[74.516517,29.94719]]]}},{"type":"Feature","properties":{},"geometry":{"type":"LineString","coordinates":[[93.449211,25.302125],[93.394331,25.235049],[93.189175,24.810811],[93.12396,24.809804],[93.087063,24.706994],[93.045721,24.444529],[93.018436,24.399131]]}},{"type":"Feature","properties":{},"geometry":{"type":"LineString","coordinates":[[93.018436,24.399131],[92.82868,24.377324],[92.746308,24.471091],[92.701246,24.361924],[92.630863,24.295132],[92.624455,24.238521],[92.489476,24.132507],[92.416199,24.239451],[92.29848,24.23772]]}},{"type":"Feature","properties":{},"geometry":{"type":"LineString","coordinates":[[95.176444,27.033182],[95.031233,26.933498],[94.917132,26.951172],[94.798896,26.814384],[94.690479,26.741004],[94.486564,26.676667],[94.358199,26.498383],[94.207201,26.483707],[94.177435,26.372447],[94.00773,26.184397],[93.973417,26.040375],[93.98923,25.94622],[93.90417,25.85682],[93.752138,25.959088],[93.708937,25.870101],[93.580779,25.763079],[93.524349,25.689285],[93.335936,25.538028],[93.458513,25.380725],[93.449211,25.302125]]}},{"type":"Feature","properties":{},"geometry":{"type":"LineString","coordinates":[[105.296963,27.721745],[105.197383,27.398638],[105.082558,27.412513],[104.870891,27.309755],[104.783403,27.332208],[104.594216,27.313785],[104.443682,27.34722],[104.344412,27.441194],[104.174345,27.271514],[103.981126,27.399517],[103.911311,27.39037],[103.859325,27.315387],[103.695407,27.151702],[103.596447,27.076074],[103.700885,27.052432],[103.778296,26.955874],[103.778296,26.880013],[103.717318,26.798959],[103.775092,26.731702],[103.757832,26.629434],[103.829249,26.547114],[104.0204,26.514196],[104.153364,26.651242],[104.218063,26.626618],[104.358519,26.647831],[104.429884,26.71253],[104.466213,26.613466],[104.559437,26.584708],[104.626513,26.497659],[104.675503,26.379269],[104.545175,26.270412],[104.50497,26.147422],[104.498976,26.030789],[104.392936,25.947874],[104.420583,25.856923],[104.306223,25.664765],[104.422443,25.579266],[104.432675,25.506815],[104.553546,25.484543],[104.565845,25.38119],[104.668888,25.296828],[104.719738,25.210942],[104.689042,25.101259],[104.707025,25.01731],[104.54564,24.813421],[104.539852,24.741772]]}},{"type":"Feature","properties":{},"geometry":{"type":"LineString","coordinates":[[104.539852,24.741772],[104.494635,24.698209],[104.50187,24.57819],[104.599176,24.402516],[104.667028,24.339755],[104.728729,24.364198],[104.752655,24.468326],[104.961067,24.416417],[105.060802,24.43068],[105.176247,24.309912],[105.169943,24.167362],[105.253038,24.085507],[105.320269,24.118141],[105.447187,24.037603],[105.532091,24.126305],[105.608262,24.140284],[105.64087,24.082484],[105.787993,24.020653],[105.872225,24.02471],[105.970772,24.087729],[106.157428,23.973731],[106.193756,23.869396],[106.134122,23.796739],[106.152157,23.750411],[106.128127,23.540656],[105.98302,23.469033],[105.848041,23.519392],[105.701693,23.359298],[105.628933,23.347283],[105.618804,23.284651],[105.512138,23.152323]]}},{"type":"Feature","properties":{},"geometry":{"type":"LineString","coordinates":[[99.108814,29.223772],[99.121061,28.964666],[99.099254,28.856043],[99.117702,28.708713],[99.169482,28.602492],[99.162557,28.438161],[99.274747,28.277318],[99.38151,28.184533],[99.416444,28.254761],[99.388642,28.334317],[99.393138,28.54278],[99.502898,28.579367],[99.534369,28.680808],[99.628679,28.814624],[99.704747,28.844648],[99.732342,28.745016],[99.828408,28.672565],[99.845616,28.60381],[99.93388,28.569368],[100.000956,28.456196],[100.143066,28.341578],[100.162031,28.236261],[100.046896,28.187091],[100.058833,28.066142],[100.202081,27.898788],[100.295925,27.852615],[100.349152,27.74673],[100.40951,27.828999],[100.532603,27.816261],[100.625414,27.897264],[100.660916,27.875095],[100.872117,27.561987],[100.866949,27.494653],[100.940847,27.434734],[100.991748,27.330813],[101.00384,27.197513],[101.172822,27.191054],[101.141455,27.044861],[101.342424,26.871047],[101.370691,26.774645],[101.50288,26.766429],[101.494663,26.70558],[101.412446,26.569671],[101.544169,26.494972],[101.643646,26.349477],[101.579981,26.306922],[101.594915,26.208685],[101.676616,26.227702],[101.763742,26.176335],[101.77568,26.10652],[101.849525,26.034845],[101.921562,26.098872],[102.112558,26.084429],[102.252085,26.228864],[102.358331,26.262583],[102.400551,26.311805],[102.568138,26.378649],[102.62648,26.345136],[102.609944,26.260206],[102.720273,26.237624],[102.878196,26.365058],[102.951422,26.345136],[103.003253,26.400353],[102.995812,26.485412],[103.057927,26.557242],[102.975296,26.831127],[102.901347,26.924739],[102.878196,27.031968],[102.913853,27.112299],[102.889462,27.291487],[102.977415,27.388897],[103.120765,27.412255],[103.218124,27.566871],[103.414753,27.742906],[103.508545,27.864527],[103.51423,27.971445],[103.434648,28.068158],[103.459039,28.134769],[103.571797,28.243186],[103.666262,28.263288],[103.708947,28.215875],[103.880306,28.325739],[103.795246,28.531179],[103.836691,28.604921],[104.056781,28.630475],[104.414227,28.640113],[104.439961,28.60536],[104.25005,28.530791],[104.268499,28.333801],[104.376503,28.282305],[104.444612,28.099887],[104.333818,28.046738],[104.375366,27.961679],[104.482491,27.890985],[104.604758,27.845846],[104.702374,27.88295],[104.897401,27.901114],[104.958276,27.956537],[104.966182,28.047797],[105.055738,28.088131],[105.171906,28.061672],[105.203274,28.001547],[105.282391,28.000746],[105.22813,27.855794],[105.296963,27.721745]]}},{"type":"Feature","properties":{},"geometry":{"type":"LineString","coordinates":[[80.073054,28.820925],[80.000626,28.737316],[79.84446,28.804857],[79.841049,28.855293],[79.743278,28.88524],[79.699353,28.850436],[79.526237,28.878418],[79.443658,28.849583],[79.371207,28.969886],[79.29638,28.971565],[79.170599,29.051121],[79.055878,29.151761],[78.950354,29.127008],[78.867672,29.215168],[78.721531,29.284027],[78.906946,29.388362],[78.643086,29.537577],[78.478652,29.721959],[78.38057,29.761569],[78.228331,29.947423],[78.154951,29.925435],[78.189057,29.706688],[78.107202,29.654521],[77.982765,29.718755],[77.831456,29.659895],[77.783811,29.741751],[77.747017,29.877996],[77.746397,29.977344],[77.83497,30.131391],[77.928918,30.24433],[77.750634,30.325617],[77.661544,30.394915],[77.585063,30.382926]]}},{"type":"Feature","properties":{},"geometry":{"type":"LineString","coordinates":[[77.585063,30.382926],[77.812956,30.521057],[77.705779,30.791454],[77.789082,30.930645],[77.806032,31.050508],[77.941114,31.172904],[78.039712,31.17218],[78.284245,31.290338],[78.368685,31.290028],[78.500976,31.219568],[78.581695,31.231066],[78.792741,31.20701],[78.869533,31.121977],[78.945844,31.137697]]}},{"type":"Feature","properties":{},"geometry":{"type":"LineString","coordinates":[[87.783717,25.214094],[87.838081,25.27776],[87.768007,25.436277],[87.9558,25.534075],[88.043133,25.547097],[88.04644,25.668873],[87.910531,25.76512],[87.805421,25.873666],[87.831363,26.010557],[87.979364,26.145795],[88.079823,26.19282],[88.180489,26.285528],[88.297174,26.336222],[88.282291,26.428439],[88.194958,26.501483],[88.087136,26.5391]]}},{"type":"Feature","properties":{},"geometry":{"type":"LineString","coordinates":[[113.776394,0.558571],[113.646686,0.410053],[113.622915,0.310937],[113.531551,0.261431],[113.416003,0.275229],[113.324535,0.245205],[113.45321,0.065888],[113.478531,-0.047542],[113.429335,-0.190427],[113.326241,-0.251664],[113.249191,-0.361063],[113.300816,-0.422765],[113.256426,-0.551387],[113.161134,-0.469893],[113.084033,-0.518469],[113.004245,-0.518728],[112.755061,-0.63593],[112.578018,-0.704453],[112.497299,-0.702127],[112.379994,-0.754579],[112.118511,-0.735355],[112.058669,-0.795765],[111.968649,-0.822844],[111.651408,-1.015493],[111.58738,-1.102],[111.577355,-1.186749],[111.416073,-1.268759],[111.327138,-1.373301],[111.24213,-1.420585],[111.133971,-1.530449],[111.011602,-1.526108],[110.920341,-1.613235],[111.017441,-1.660312],[111.025244,-1.867018],[110.994755,-1.985253],[111.012325,-2.127363],[111.137692,-2.404814],[111.137589,-2.733011],[111.067102,-2.764689],[110.899205,-2.908763]]}},{"type":"Feature","properties":{},"geometry":{"type":"LineString","coordinates":[[87.477387,21.613593],[87.408546,21.786138],[87.275014,21.813966],[87.231503,21.848098],[87.190678,21.956205],[87.112957,21.971398],[87.059213,21.90719],[86.993688,21.972483],[86.987383,22.066586],[86.833904,22.121751],[86.686523,22.218024]]}},{"type":"Feature","properties":{},"geometry":{"type":"LineString","coordinates":[[86.686523,22.218024],[86.780264,22.286702],[86.789876,22.415635],[86.718149,22.469404],[86.749362,22.5448],[86.611386,22.604254],[86.586891,22.680683],[86.399099,22.784966],[86.414808,22.943458],[86.450465,23.004203],[86.142474,23.028259],[86.020207,23.152592],[85.888432,23.163083],[85.829831,23.260803],[85.89484,23.416478],[85.828901,23.483063],[85.996436,23.511511],[86.056381,23.602513],[86.134515,23.558872],[86.121493,23.500891],[86.214304,23.449163],[86.336467,23.508436],[86.348352,23.567942],[86.458527,23.638609],[86.646112,23.6969],[86.799798,23.725529],[86.80972,23.818081],[86.877209,23.913063],[87.079677,23.815213],[87.166287,23.810227],[87.241218,23.850844],[87.301576,24.056852],[87.33806,24.001843],[87.488748,24.046853],[87.486888,24.124135],[87.57205,24.117572],[87.661554,24.186198],[87.631478,24.269372],[87.720568,24.317792],[87.80046,24.500779],[87.790848,24.562455],[87.877251,24.58868],[87.895442,24.670303],[87.853274,24.758437],[87.877458,24.938866],[87.844075,25.041547],[87.78103,25.08989],[87.783717,25.214094]]}},{"type":"Feature","properties":{},"geometry":{"type":"LineString","coordinates":[[89.657829,26.187174],[89.727268,26.206204],[89.781528,26.308679],[89.828864,26.327851],[89.888498,26.532903],[89.858701,26.722057]]}},{"type":"Feature","properties":{},"geometry":{"type":"LineString","coordinates":[[88.756175,27.148784],[88.66449,27.173355],[88.518039,27.176223],[88.447656,27.114495],[88.357429,27.085117],[88.233095,27.137104],[88.118167,27.138499],[88.000897,27.248035]]}},{"type":"Feature","properties":{},"geometry":{"type":"LineString","coordinates":[[92.29848,24.23772],[92.220242,24.264333],[92.257759,24.396005],[92.221689,24.500417],[92.139056,24.545281]]}},{"type":"Feature","properties":{},"geometry":{"type":"LineString","coordinates":[[92.384937,25.004773],[92.564924,25.152419],[92.805529,25.227711],[92.789613,25.348892],[92.588282,25.498831],[92.593449,25.586656],[92.382403,25.764345],[92.167325,25.689543],[92.165465,25.809174],[92.214661,25.919478],[92.183965,25.993013],[92.26148,26.055413],[92.164122,26.088382],[91.922483,26.03823],[91.825331,26.089261],[91.75195,26.048074],[91.718154,25.967692],[91.582348,26.026887],[91.474655,25.896249],[91.360553,25.843255],[91.250999,25.737602],[91.208108,25.736181],[91.178859,25.869636],[91.096797,25.839922],[90.97453,25.943636],[90.752942,25.962137],[90.644318,25.931467],[90.617653,25.969785],[90.484534,26.011927],[90.135615,25.959785],[89.974178,25.801578],[89.942345,25.691481],[90.002083,25.586811],[89.897283,25.541361],[89.875476,25.460436],[89.808909,25.440662]]}},{"type":"Feature","properties":{},"geometry":{"type":"LineString","coordinates":[[89.677813,36.081958],[89.223629,36.263575],[88.958271,36.287294],[88.828098,36.373672],[88.711722,36.368401],[88.52238,36.414315],[88.459231,36.448887],[88.000086,36.428371],[87.924535,36.38256],[87.570914,36.333803],[87.345604,36.374059],[87.193831,36.30396],[87.000819,36.274091],[86.786982,36.260268],[86.71386,36.231458],[86.459405,36.219443],[86.399512,36.170041],[86.21234,36.115935],[86.087438,35.875588],[85.929928,35.761693],[85.716866,35.759265],[85.619766,35.675394],[85.389341,35.756707],[85.260254,35.730403],[85.149769,35.749808],[84.923633,35.689321],[84.777647,35.600489],[84.563449,35.559484],[84.214684,35.388951],[84.133191,35.377531],[83.984414,35.41603],[83.870674,35.374534],[83.564801,35.36071],[83.452612,35.393551],[83.246113,35.421249],[83.09868,35.412774],[82.971763,35.490444],[82.978429,35.600773],[82.935899,35.674076],[82.784591,35.684541],[82.710435,35.650176],[82.428178,35.68976],[82.318934,35.633743],[82.289169,35.544962],[82.086029,35.447992],[82.00221,35.319447],[81.711426,35.245653],[81.54508,35.251776],[81.461777,35.310248],[81.357339,35.332391],[81.210217,35.316914],[81.060923,35.388564],[80.978861,35.293402],[80.858455,35.347145],[80.766109,35.343424],[80.65609,35.3843],[80.486023,35.404248],[80.323495,35.506557]]}},{"type":"Feature","properties":{},"geometry":{"type":"LineString","coordinates":[[89.677813,36.081958],[89.514671,36.053252],[89.435141,35.987804],[89.484647,35.880187],[89.581437,35.839777],[89.788763,35.826857],[89.788866,35.775543],[89.715072,35.642347],[89.690267,35.508582],[89.73011,35.443651],[89.484337,35.34221],[89.45483,35.212838],[89.57167,35.073312],[89.583607,34.940917],[89.787677,34.926396],[89.825246,34.84609],[89.723909,34.739637],[89.791088,34.554119],[89.795739,34.408417],[89.840284,34.383328],[89.786592,34.198533],[89.636731,34.093371],[89.741892,33.909507],[89.877233,33.822742],[89.975108,33.630557],[90.140576,33.578209],[90.203208,33.500074],[90.205688,33.401502],[90.3232,33.288718],[90.436268,33.282181],[90.660337,33.155858],[90.80405,33.140536],[90.949932,33.239393],[91.127906,33.254327],[91.189194,33.336958],[91.361587,33.336958],[91.376469,33.271251],[91.542661,33.080333],[91.720324,32.982509],[91.813135,32.968272],[91.976846,32.848615],[92.08609,32.885642],[92.196109,32.86864],[92.221379,32.744978],[92.465809,32.769421],[92.649983,32.740431],[92.727291,32.760559],[92.850023,32.728881],[93.005931,32.734617],[93.031252,32.66351],[93.218527,32.65979],[93.345341,32.577702],[93.442596,32.563336],[93.510396,32.516103],[93.597161,32.564576],[93.734155,32.572457],[93.877402,32.495381],[94.110773,32.478225],[94.178262,32.522253],[94.316858,32.540753],[94.582217,32.672192],[94.721847,32.592869],[94.75523,32.535456],[94.852226,32.50011],[94.938939,32.42815],[94.951342,32.337225],[95.061826,32.261209],[95.259075,32.244079],[95.382116,32.170052],[95.425266,32.09476],[95.354314,31.954406],[95.406766,31.810668],[95.497096,31.741655],[95.592698,31.761576],[95.725041,31.746357],[95.773772,31.697988],[95.848858,31.714266],[96.094218,31.700546],[96.167288,31.548049],[96.214624,31.606753],[96.212918,31.735117],[96.147754,31.779921],[96.182636,31.871156],[96.278186,31.90906],[96.483238,31.753463],[96.664157,31.721139],[96.737382,31.679798],[96.795415,31.715455],[96.752885,31.838677],[96.786372,31.910146],[96.754126,31.973837],[96.914581,31.990141],[97.018089,32.022904],[97.124077,32.009338],[97.25487,32.075794],[97.254405,32.203952],[97.359773,32.260486],[97.393156,32.384974],[97.326287,32.423577],[97.360859,32.500187],[97.562293,32.484348],[97.630868,32.444092],[97.715721,32.54419]]}},{"type":"Feature","properties":{},"geometry":{"type":"LineString","coordinates":[[96.36634,42.722923],[96.09091,42.58691],[96.043781,42.499887],[96.01784,42.13872],[96.035823,41.995292],[95.863947,41.855017],[95.771912,41.829721],[95.49198,41.856024],[95.05826,41.788561],[94.580925,41.585214],[94.011037,41.104029],[93.759941,40.823322],[93.669146,40.683357],[93.577472,40.587962],[93.286327,40.469261],[93.036833,40.489854],[92.925884,40.422908],[92.919528,40.118068],[92.777417,39.905523],[92.772405,39.810542],[92.94795,39.452476],[92.935961,39.152856]]}},{"type":"Feature","properties":{},"geometry":{"type":"LineString","coordinates":[[92.935961,39.152856],[92.333103,39.049865],[92.122729,38.940647],[91.880625,38.875483],[91.62865,38.825667],[91.491604,38.817269],[91.294407,38.745129],[91.012461,38.698672],[90.653516,38.674074],[90.635998,38.624309],[90.47823,38.532506],[90.312452,38.465792],[90.150911,38.432797],[90.193492,38.325671],[90.439266,37.996079],[90.410068,37.846992],[90.436475,37.778573],[90.834487,37.607782],[90.957218,37.519416],[91.073749,37.487945],[91.151677,37.323252],[91.234979,37.195404],[91.316318,37.118975],[91.287586,37.013503],[91.191364,37.001463],[91.05499,36.945135],[90.891124,36.939477],[90.80777,36.910564],[90.712376,36.8215],[90.688139,36.698484],[90.710463,36.636162],[90.80529,36.558518],[91.006724,36.503483],[91.061036,36.313546],[91.135761,36.140637],[91.111318,36.073922],[90.914999,36.013332],[90.829371,36.010412],[90.622665,36.111129],[90.292453,36.115548],[90.165691,36.129242],[90.013762,36.252775],[89.972007,36.104928],[89.866794,36.065603],[89.677813,36.081958]]}},{"type":"Feature","properties":{},"geometry":{"type":"LineString","coordinates":[[76.739843,33.197406],[76.646566,33.352107],[76.488031,33.502231],[76.246099,33.574094],[76.235838,33.728794],[76.166381,33.873232],[76.024367,33.982089],[75.879592,33.963696],[75.741656,34.066434],[75.6634,34.19923],[75.584564,34.210116],[75.469487,34.280052],[75.374549,34.370981],[75.347543,34.572739]]}},{"type":"Feature","properties":{},"geometry":{"type":"LineString","coordinates":[[78.380983,32.528041],[78.270396,32.504166],[78.304089,32.59615],[78.374679,32.648783],[78.366617,32.76521],[78.253859,32.697901],[78.114643,32.667722],[78.008913,32.61031],[77.93853,32.695343],[77.928918,32.762445],[77.857915,32.873007],[77.721075,33.012636],[77.538968,32.918353],[77.348695,32.867245],[77.135788,32.92675],[76.956058,33.02509],[76.739843,33.197406]]}},{"type":"Feature","properties":{},"geometry":{"type":"LineString","coordinates":[[113.776394,0.558571],[113.917677,0.736441],[113.948115,0.862222],[113.86259,0.902322],[113.864451,0.976427],[114.018033,1.078642],[114.192079,1.214448],[114.210598,1.462906]]}},{"type":"Feature","properties":{},"geometry":{"type":"LineString","coordinates":[[116.57289,-2.362976],[116.390498,-2.314432],[116.042716,-2.288232],[115.99445,-2.271024],[115.874044,-2.350657],[115.814099,-2.183639],[115.828775,-2.047162],[115.748935,-2.000704],[115.741235,-1.784232],[115.689042,-1.635507],[115.606877,-1.46668],[115.677518,-1.425907]]}},{"type":"Feature","properties":{},"geometry":{"type":"LineString","coordinates":[[115.677518,-1.425907],[115.720151,-1.426321],[115.802007,-1.294443],[115.805107,-1.085256],[115.739685,-1.103808],[115.628684,-0.978028],[115.517838,-0.937824],[115.460012,-0.885992],[115.415157,-0.773906],[115.381257,-0.582031],[115.329891,-0.511028],[115.274184,-0.31104],[115.277233,-0.220141],[115.347358,0.002274],[115.275424,0.031368],[115.187367,0.00522],[115.085772,-0.117512],[115.002572,-0.177663],[114.967329,-0.097513],[115.017662,0.057671],[114.953066,0.284169],[114.967949,0.364216],[115.075953,0.533043],[115.057246,0.636861],[114.976476,0.735201],[114.735405,0.672569],[114.663058,0.621306],[114.377546,0.588647],[114.183914,0.650452],[114.036327,0.647041],[113.969871,0.603633],[113.776394,0.558571]]}},{"type":"Feature","properties":{},"geometry":{"type":"MultiLineString","coordinates":[[[74.12884,21.951761],[74.06104,21.940315],[73.917587,21.866883],[73.809376,21.836471],[73.8286,21.650927],[73.751602,21.611033],[73.820848,21.508326],[73.995928,21.555325],[74.191575,21.545507],[74.291517,21.513855],[74.108686,21.451559],[74.053496,21.465718],[73.960168,21.394379],[73.91862,21.291569],[73.800074,21.280949],[73.77744,21.216638],[73.695171,21.122639],[73.868287,20.974767],[73.902911,20.883868],[73.909008,20.775709],[73.81103,20.676904],[73.792323,20.606184],[73.699822,20.562414],[73.475753,20.678712],[73.404233,20.66985],[73.4587,20.538023],[73.360721,20.369377],[73.394104,20.270391],[73.363822,20.178304],[73.271838,20.193419],[73.243313,20.138642],[73.166315,20.114871]],[[72.947207,20.127402],[72.708102,20.072644]]]}},{"type":"Feature","properties":{},"geometry":{"type":"MultiLineString","coordinates":[[[73.166315,20.114871],[73.041775,20.157736],[73.046839,20.221324],[73.112158,20.254914],[73.049939,20.330258],[72.896667,20.221505],[72.947207,20.127402]],[[72.818112,20.37877],[72.874886,20.404282],[72.847004,20.468313]],[[71.005951,20.736558],[70.982705,20.746989],[70.966618,20.729118]]]}},{"type":"Feature","properties":{},"geometry":{"type":"LineString","coordinates":[[71.056632,24.69282],[71.251496,24.636817],[71.378414,24.646661],[71.545845,24.688054],[71.651885,24.658004],[71.750897,24.678132],[71.947888,24.662629],[72.050931,24.708363],[72.099403,24.656557],[72.261667,24.60824],[72.275206,24.568397],[72.500929,24.49605],[72.555706,24.50667],[72.667637,24.460936],[72.747012,24.380657],[72.897391,24.360581],[72.958679,24.390062],[72.99971,24.493286],[73.095001,24.503647],[73.137169,24.335931],[73.079292,24.204311],[73.245586,24.015537],[73.354107,24.104731],[73.42387,23.940942],[73.364029,23.889085],[73.361652,23.784233],[73.51079,23.684498],[73.620551,23.582592],[73.618794,23.451876],[73.710674,23.415031],[73.811857,23.434616],[73.904461,23.333382],[73.959548,23.358833],[74.105792,23.247677],[74.108996,23.191117],[74.23333,23.1559],[74.323453,23.036062]]}},{"type":"Feature","properties":{},"geometry":{"type":"LineString","coordinates":[[74.323453,23.036062],[74.365001,22.874961],[74.4266,22.871628],[74.458122,22.804112],[74.37637,22.651047],[74.272707,22.609654],[74.161189,22.516662],[74.063108,22.5209],[74.025694,22.47961],[74.113027,22.410674],[74.221547,22.409433],[74.224338,22.349205],[74.05639,22.294169],[74.071479,22.197793],[74.141862,22.062814],[74.12884,21.951761]]}},{"type":"Feature","properties":{},"geometry":{"type":"LineString","coordinates":[[121.413275,53.317335],[121.607182,53.24073],[121.800194,53.023586],[121.691518,52.908347],[121.502744,52.774686],[121.173927,52.594981],[121.49091,52.44468],[121.692345,52.388534],[121.831251,52.269368],[122.017907,52.283114],[122.173659,52.479639],[122.33861,52.453698],[122.491779,52.294844],[122.730731,52.248904],[122.775121,52.200018],[122.637662,52.09496],[122.754192,51.847482],[122.714453,51.701677],[122.835531,51.567757],[122.838942,51.510551],[122.956247,51.386063],[123.088125,51.312475],[123.27168,51.26669],[123.438337,51.273098],[123.569646,51.203903],[123.788755,51.232816],[123.866269,51.313432],[124.0044,51.301727],[124.162065,51.328366],[124.350787,51.278627],[124.501889,51.360586],[124.66622,51.335265],[124.82063,51.365857],[125.060615,51.534374],[125.127536,51.615739],[125.333311,51.582743],[125.486635,51.507399],[125.576914,51.389318],[125.719489,51.253719],[125.843409,51.206229],[125.870695,51.14476],[125.984383,51.104219],[126.056265,50.980274],[126.001023,50.901751],[125.824031,50.766798],[125.809406,50.562237],[125.530767,50.393048],[125.418422,50.194611],[125.264427,50.105727],[125.295226,50.014467],[125.188462,49.941861],[125.234764,49.847965],[125.219572,49.668131],[125.130636,49.636557],[125.235695,49.554392],[125.267372,49.438481],[125.222879,49.220045],[125.158128,49.151109],[124.863934,49.175397],[124.82156,49.060882],[124.62183,48.741986],[124.616249,48.667572],[124.538063,48.571687],[124.520699,48.369038],[124.562247,48.236177],[124.520493,48.12869],[124.425563,48.174372],[124.327171,48.332192],[124.300765,48.491872],[124.23405,48.530836],[124.077936,48.448309],[123.726949,48.191064],[123.577553,48.054328],[123.293281,47.945653],[123.206826,47.813826],[123.095412,47.754941],[122.797342,47.643552],[122.565367,47.531156],[122.494725,47.410233],[122.405221,47.331685],[122.574048,47.131129],[122.797342,47.033719],[122.996245,46.840294],[123.186827,46.761642],[123.330488,46.832646],[123.379994,46.898068],[123.489393,46.817298],[123.608714,46.774639],[123.536108,46.691982],[123.397254,46.597828],[123.291524,46.586356],[123.094172,46.621961],[123.019706,46.612349],[122.988907,46.406573],[123.161661,46.220073]]}},{"type":"Feature","properties":{},"geometry":{"type":"LineString","coordinates":[[95.246465,26.654587],[95.235252,26.790613],[95.202179,26.866732],[95.225433,26.974219],[95.176444,27.033182]]}},{"type":"Feature","properties":{},"geometry":{"type":"LineString","coordinates":[[95.176444,27.033182],[95.261193,27.048866],[95.423768,27.141289],[95.493427,27.250042],[95.545931,27.273943],[95.643806,27.230328],[95.799559,27.28588],[95.903738,27.276087],[96.007194,27.365126],[95.978256,27.449694],[95.879554,27.462613],[95.886788,27.557],[95.804313,27.619374],[95.775891,27.717327],[95.900741,27.86538],[95.964096,27.993305],[95.716773,27.990204],[95.543554,27.90207],[95.408368,27.870831],[95.31318,27.895791],[94.959279,27.773374]]}},{"type":"Feature","properties":{},"geometry":{"type":"LineString","coordinates":[[76.739843,33.197406],[76.625949,33.189292],[76.558562,33.23146],[76.396712,33.197716],[76.294289,33.147899],[76.215948,33.051084],[76.100813,33.01305],[75.972448,32.911041],[75.826411,32.938067],[75.804913,32.898612],[75.9093,32.772703],[75.922632,32.617338],[75.847391,32.516749]]}},{"type":"Feature","properties":{},"geometry":{"type":"LineString","coordinates":[[75.847391,32.516749],[75.743005,32.464375],[75.682647,32.399806],[75.611954,32.395465],[75.5024,32.300587],[75.390365,32.335494],[75.298403,32.332427]]}},{"type":"Feature","properties":{},"geometry":{"type":"LineString","coordinates":[[97.715721,32.54419],[98.014152,32.464505],[98.080556,32.404689],[98.205768,32.355648],[98.220186,32.252192],[98.309586,32.128711],[98.452988,31.984095],[98.420846,31.878184],[98.445495,31.803615],[98.558718,31.677111],[98.592153,31.598821],[98.884952,31.354081],[98.767801,31.230368],[98.68269,31.315918],[98.611377,31.25618],[98.620265,31.187942],[98.803044,30.990977],[98.775088,30.902223],[98.954301,30.747865],[98.905364,30.663813],[98.932752,30.490697],[98.960709,30.459976],[98.986754,30.144362],[99.03409,30.055323],[99.056311,29.915332],[99.005461,29.820092],[98.986754,29.650904],[99.041996,29.562459],[99.062512,29.308289],[99.108814,29.223772]]}},{"type":"Feature","properties":{},"geometry":{"type":"LineString","coordinates":[[99.108814,29.223772],[98.990165,29.20199],[99.006288,29.073161],[98.932442,28.986345],[98.908878,28.91237],[98.94562,28.842012],[98.873479,28.811808],[98.820408,28.886041],[98.785009,29.000246],[98.66481,28.974175],[98.638713,28.878651],[98.678143,28.757056],[98.589207,28.670292],[98.640419,28.424131],[98.575823,28.317548],[98.489885,28.248069],[98.409994,28.250602],[98.299768,28.354807],[98.23016,28.202878],[98.099433,28.140012]]}},{"type":"Feature","properties":{},"geometry":{"type":"LineString","coordinates":[[101.77754,33.530047],[101.613364,33.511857],[101.57688,33.630506],[101.495593,33.704636],[101.39963,33.645078],[101.160265,33.664147],[101.165536,33.756002],[101.129466,33.850647],[101.008956,33.881498],[100.947978,33.929764],[100.791709,34.154866],[100.81548,34.2946],[100.935266,34.386325],[101.035828,34.338938],[101.256021,34.300491],[101.323666,34.259511],[101.611659,34.191247],[101.64716,34.136005],[101.780382,34.067507],[101.862548,34.141379],[102.011996,34.177604],[102.07654,34.266978],[102.212345,34.351547],[102.150282,34.495078],[102.013391,34.53598],[101.931949,34.591119],[101.913914,34.661399],[101.793353,34.631892],[101.755061,34.70367],[101.923216,34.787283],[101.912829,34.844798],[102.00936,34.942131],[102.267122,35.055871],[102.375591,35.203691],[102.317714,35.274979],[102.289292,35.406935],[102.426441,35.435305],[102.534961,35.535635],[102.702186,35.524034],[102.721307,35.619066],[102.679862,35.756836],[102.700326,35.839466],[102.837527,35.860757],[102.97602,35.833291],[102.999533,35.990749],[102.933283,36.086066],[103.040357,36.216498],[102.894474,36.309412],[102.818562,36.326052],[102.769727,36.497566],[102.698156,36.608877],[102.610822,36.657194],[102.615163,36.728766],[102.674746,36.80163],[102.460134,36.955652],[102.495842,37.089106],[102.550619,37.16383],[102.426648,37.278061],[102.245522,37.380871],[102.142014,37.406658],[102.032666,37.478901],[102.067238,37.548303],[101.995873,37.6145],[101.937065,37.730695],[101.765603,37.524971],[101.64654,37.611865],[101.292918,37.798933],[101.049781,37.96373],[100.635749,38.1054],[100.554307,38.252084],[100.49736,38.289446],[100.357833,38.307042],[100.140792,38.485842],[100.08307,38.394504],[100.15552,38.302779],[100.079039,38.278439],[99.799883,38.365721],[99.557159,38.515375],[99.496335,38.601107],[99.099254,38.889642],[99.094758,38.957777],[98.962105,38.981755],[98.901901,39.035576],[98.781909,39.067693],[98.60223,38.947597],[98.444565,38.957312],[98.324314,39.023251],[98.262561,38.931681],[98.068619,38.801844],[98.020508,38.836234],[97.697582,38.981032],[97.674948,39.00501],[97.362564,39.150427],[97.137461,39.203163],[97.02646,39.196212],[96.962537,39.103247],[96.991114,38.996793],[96.970908,38.864191],[96.981192,38.744302],[96.942383,38.639115],[96.971218,38.567259],[96.945483,38.358227],[96.845076,38.356419],[96.510368,38.470107],[96.502616,38.549017],[96.315496,38.626945],[96.054788,38.678828],[96.007608,38.751692],[95.891853,38.783654],[95.78819,38.862331],[95.72163,38.874733],[95.565774,39.015242],[95.460923,39.046609],[95.305325,39.182777],[95.057175,39.147456],[94.912378,39.198202],[94.724637,39.23683],[94.631051,39.29538],[94.479329,39.317833],[94.116974,39.321941],[93.908925,39.285639],[93.722063,39.306748],[93.502024,39.271918],[93.405234,39.216986],[93.27563,39.188719],[93.140341,39.198745],[93.035748,39.152081],[92.935961,39.152856]]}},{"type":"Feature","properties":{},"geometry":{"type":"LineString","coordinates":[[107.285472,37.068461],[107.299632,36.907205],[107.500911,36.890772],[107.548867,36.840026],[107.695473,36.825091],[107.886521,36.75538],[108.041705,36.597741],[108.356363,36.546038],[108.441268,36.461289],[108.606529,36.431988],[108.70368,36.35897],[108.649937,36.226497],[108.699753,36.125547],[108.677119,36.005244],[108.493099,35.881195],[108.523175,35.775956],[108.509997,35.70087],[108.603738,35.547856],[108.617226,35.392827],[108.492634,35.272498],[108.276781,35.262835],[108.15498,35.290559],[107.97866,35.223458],[107.92285,35.266892],[107.741672,35.318361],[107.670462,35.227979],[107.830349,34.976728],[107.710046,34.951407],[107.569641,34.965411],[107.496881,34.925775],[107.320767,34.942209],[107.210852,34.891772],[107.051533,35.038146],[106.914849,35.089047],[106.564586,35.079616],[106.491206,35.03011],[106.500817,34.926241],[106.549703,34.862575],[106.491516,34.740955],[106.317728,34.583342],[106.368371,34.520219],[106.498337,34.520219],[106.614092,34.458724],[106.673623,34.384672],[106.656002,34.254214],[106.554044,34.280828],[106.587427,34.137451],[106.513737,34.106601],[106.430227,33.942115],[106.479837,33.868191],[106.454722,33.803312],[106.481749,33.700889],[106.55947,33.598621],[106.495547,33.543586],[106.392659,33.618827],[106.170605,33.562241],[106.073453,33.617509],[105.992942,33.610636],[105.951652,33.553198],[105.832435,33.497542],[105.785306,33.406333],[105.717971,33.38866],[105.747168,33.293989],[105.91274,33.233682],[105.910569,33.031731],[105.886488,32.978013],[105.63932,32.885487],[105.498553,32.907397]]}},{"type":"Feature","properties":{},"geometry":{"type":"LineString","coordinates":[[105.498553,32.907397],[105.430909,32.91148],[105.386364,32.823371],[105.435249,32.773555],[105.269988,32.641703],[105.146792,32.608346],[105.031812,32.63868],[104.898331,32.611834],[104.84097,32.639817],[104.645427,32.657878],[104.558404,32.688341],[104.4057,32.809367],[104.288859,32.847892],[104.321261,32.952718],[104.377588,32.958764],[104.405855,33.063279],[104.328237,33.140355],[104.280591,33.272052],[104.29289,33.363571],[104.174655,33.490152],[104.156309,33.62402],[104.093006,33.66854],[103.915136,33.683293],[103.74512,33.676033],[103.659441,33.710527],[103.522756,33.714118],[103.55862,33.806877],[103.350674,33.755692],[103.271971,33.765174],[103.184172,33.822096],[103.193164,33.883772],[103.142108,33.961545],[103.152391,34.108513],[103.120094,34.168612],[103.000566,34.213984],[102.930596,34.295581],[102.78182,34.274187],[102.5978,34.16546],[102.617644,34.083501],[102.4406,34.05973],[102.371974,33.975963],[102.319367,33.987357],[102.171211,33.941753],[102.343138,33.725177],[102.356006,33.609396],[102.481838,33.540149],[102.481838,33.465038],[102.27875,33.377756],[102.130955,33.284661],[102.099381,33.222236],[102.004244,33.2188],[101.863685,33.12263],[101.832162,33.26921],[101.923216,33.406385],[101.883993,33.546325],[101.77754,33.530047]]}},{"type":"Feature","properties":{},"geometry":{"type":"LineString","coordinates":[[104.358519,37.401232],[104.262453,37.390328],[104.108509,37.461848],[103.863666,37.626437],[103.678716,37.775033],[103.438162,37.842393],[103.387467,37.999102],[103.388088,38.10199],[103.521671,38.139843],[103.471235,38.435897],[103.794316,38.590771],[103.979524,38.758978],[104.04257,38.874062],[104.171554,38.959509],[104.224781,39.090689],[104.059985,39.307834],[104.023966,39.441107],[103.749254,39.424881],[103.463794,39.357185],[103.28396,39.292977],[102.965374,39.11937],[102.830551,39.130222],[102.593459,39.177919],[102.39311,39.237192],[101.825496,39.064438],[102.022848,38.892717],[102.020367,38.856931],[101.831077,38.689835],[101.580188,38.688233],[101.413996,38.749211],[101.31979,38.758151],[101.327852,38.825744],[101.247805,38.870031],[101.179954,39.020642],[101.04854,39.000824],[100.88855,39.105159],[100.851963,39.16748],[100.833153,39.380077],[100.789538,39.407879],[100.543455,39.408861],[100.454985,39.495574],[100.306829,39.549834],[100.286623,39.627349],[100.188851,39.69489],[100.043486,39.727653],[99.686143,39.876016],[99.430861,39.878806],[99.532509,40.000789],[99.627025,40.069182],[99.89936,40.204781],[100.014185,40.402495],[100.140017,40.518096],[100.203786,40.616953],[100.176036,40.735085],[100.075473,40.859005],[100.011188,40.89629],[99.664542,40.901276],[99.496025,40.842882],[99.157441,40.836319],[98.825679,40.726558],[98.645845,40.56755],[98.515207,40.533547],[98.23481,40.541686],[98.326536,40.855672],[98.293928,40.91665],[98.203753,40.951247],[97.950538,41.119816],[97.708486,41.349414],[97.647611,41.455532],[97.679599,41.502325],[97.846875,41.619269],[97.19068,42.787061]]}},{"type":"Feature","properties":{},"geometry":{"type":"LineString","coordinates":[[104.358519,37.401232],[104.464508,37.440247],[104.689507,37.411929],[104.722425,37.339323],[104.621397,37.249277],[104.708886,37.215016],[104.764748,37.250491],[104.855388,37.218194],[104.922413,37.096754],[105.180175,36.972136],[105.321665,36.780727],[105.220482,36.692954],[105.268748,36.550224],[105.392771,36.384394],[105.445946,36.254583],[105.43742,36.106685],[105.351482,36.057644],[105.318099,35.933208],[105.431839,35.756422],[105.686965,35.660459],[105.829386,35.493648],[105.936149,35.524809],[106.065082,35.487653],[106.112417,35.42466],[106.210654,35.395152],[106.313387,35.27361],[106.377776,35.260665],[106.464851,35.332366],[106.495081,35.553127],[106.429297,35.699449],[106.469605,35.727432],[106.767106,35.706555],[106.913402,35.788824],[106.843226,35.882203],[106.914849,35.907059],[106.94477,36.076946],[106.813667,36.21164],[106.744937,36.206576],[106.60386,36.277838],[106.49658,36.268355],[106.495391,36.436743],[106.439994,36.514774],[106.493996,36.55981],[106.502368,36.706519],[106.602155,36.725821],[106.649026,36.834186],[106.574818,36.931338],[106.633936,36.997897],[106.644065,37.181658],[106.790671,37.189668],[106.932936,37.107193],[107.187804,37.117063],[107.285472,37.068461]]}},{"type":"Feature","properties":{},"geometry":{"type":"LineString","coordinates":[[111.110045,39.385193],[111.041005,39.422969],[111.137072,39.56495],[111.0131,39.564872],[110.845669,39.465188],[110.684852,39.264374],[110.603409,39.267216],[110.494165,39.374315],[110.338103,39.318143],[110.225241,39.424054],[110.109176,39.428395],[110.176872,39.285199],[109.963345,39.181278],[109.820563,39.054464],[109.674267,39.011211],[109.635303,38.905817],[109.537996,38.785204],[109.423947,38.769055],[109.313152,38.620485],[109.159983,38.542144],[108.986351,38.335206],[108.953484,38.199064],[109.02795,38.110956],[109.000975,37.988483],[108.954259,37.925541],[108.863309,37.987604],[108.790704,37.941767],[108.764349,37.681886],[108.496355,37.668605],[108.332954,37.633595],[108.038708,37.632509],[107.991114,37.725708],[107.884971,37.801646],[107.657646,37.852935]]}},{"type":"Feature","properties":{},"geometry":{"type":"LineString","coordinates":[[107.657646,37.852935],[107.40469,37.921665],[107.324178,38.065946],[107.162638,38.138603],[107.060835,38.114935],[106.82917,38.150385],[106.470122,38.290686],[106.644995,38.459203],[106.704423,38.637229],[106.931747,38.921139],[106.977843,39.035602],[106.911852,39.069192],[106.808241,39.199055],[106.78912,39.360957],[106.614092,39.358321],[106.496942,39.285794],[106.347028,39.293778],[106.275663,39.269154],[106.283415,39.156525],[106.113193,39.120817],[106.060276,38.979068],[105.896617,38.736189],[105.84122,38.571289],[105.828094,38.226814],[105.755643,38.135502],[105.824735,38.005484],[105.788096,37.805057],[105.658698,37.739816],[105.534106,37.724984],[105.354428,37.752631],[105.084883,37.660673],[104.944323,37.545719],[104.646977,37.5066],[104.522385,37.529958],[104.425234,37.49859],[104.358519,37.401232]]}},{"type":"Feature","properties":{},"geometry":{"type":"LineString","coordinates":[[119.230997,41.273398],[119.152655,41.312207],[118.727926,41.347296],[118.478433,41.355099],[118.370274,41.313964],[118.313637,41.569556],[118.24439,41.592345],[118.159382,41.719133],[118.278238,41.752697],[118.322163,41.863543],[118.267851,42.073866],[118.133906,42.021906],[118.086002,42.181663],[117.989315,42.221609],[118.040217,42.288763],[118.024248,42.382633],[117.80049,42.568823],[117.742612,42.591096],[117.593629,42.551589],[117.450433,42.549289],[117.4124,42.458081],[117.243883,42.482265],[117.055936,42.462835],[116.887109,42.395371],[116.826595,42.308167],[116.878892,42.220214],[116.858118,42.019503],[116.599736,41.92372],[116.466101,41.947621],[116.377527,42.009684],[116.20715,41.884007],[116.129894,41.872897],[116.037858,41.800627],[115.937347,41.927467],[115.858799,41.927467],[115.527502,41.772334],[115.339761,41.720839],[115.347358,41.624075],[115.225866,41.585834],[115.097399,41.616168],[114.888988,41.610044],[114.87581,41.81166],[114.931311,41.838609],[114.920304,41.936872],[114.804858,42.178408],[114.751942,42.139857],[114.596344,42.141278],[114.481312,42.075262],[114.419714,41.956302],[114.255693,41.860081],[114.213525,41.766908],[114.197092,41.593586],[114.027283,41.53129],[113.927961,41.418351],[113.908892,41.294017],[113.984908,41.240894],[113.963824,41.153354],[113.880677,41.0993],[113.907962,41.028142],[114.018602,40.923601],[114.060149,40.813659],[114.154097,40.742578]]}},{"type":"Feature","properties":{},"geometry":{"type":"LineString","coordinates":[[114.154097,40.742578],[114.026973,40.635169],[114.075549,40.550187],[114.043768,40.487994],[113.808485,40.434225],[113.676607,40.42854],[113.518322,40.343739],[113.334147,40.318728],[113.229864,40.416655],[113.086462,40.404433],[112.961405,40.355857],[112.84379,40.225659],[112.734235,40.172845],[112.595846,40.237777],[112.399217,40.288342],[112.279276,40.228966],[112.165071,40.059312],[112.098977,40.00544],[111.921469,39.688844],[111.761168,39.598048],[111.674869,39.635927],[111.489919,39.652154],[111.425375,39.625385],[111.421189,39.522136],[111.342692,39.444414],[111.199445,39.427154],[111.110045,39.385193]]}},{"type":"Feature","properties":{},"geometry":{"type":"LineString","coordinates":[[123.161661,46.220073],[123.068902,46.108659],[122.798737,46.089332],[122.800598,45.913063],[122.773416,45.788472],[122.646964,45.725065],[122.497877,45.82542],[122.398555,45.949185],[122.239805,45.813483],[121.995996,45.980295],[121.773684,46.010344],[121.814766,45.913709],[121.666403,45.715763],[121.784949,45.675972],[121.934397,45.68995],[121.963905,45.567503],[122.027053,45.484511],[122.136452,45.449087],[122.234017,45.287055],[122.191849,45.20104],[122.010775,45.118332],[122.03806,44.934364],[122.022557,44.84672],[122.045967,44.694947],[122.088186,44.61968],[122.28187,44.428658],[122.254068,44.24593],[122.376644,44.219963],[122.715383,44.335563],[122.955317,44.446848],[123.044511,44.513252],[123.123782,44.49439],[123.116547,44.406489],[123.168172,44.366827],[123.257572,44.204072],[123.359065,44.151336],[123.322271,44.04186],[123.522156,43.696971],[123.489961,43.591448],[123.36139,43.539772],[123.378134,43.453162],[123.605923,43.365054],[123.696254,43.353478]]}},{"type":"Feature","properties":{},"geometry":{"type":"LineString","coordinates":[[123.696254,43.353478],[123.611969,43.08135],[123.354414,43.01231],[123.181866,42.944097],[123.131275,42.826378],[122.892789,42.744936],[122.727941,42.741009],[122.47638,42.849633],[122.366877,42.799093],[122.425685,42.722044],[122.399589,42.658327],[122.299388,42.636468],[122.045037,42.720855],[121.918274,42.646596],[121.87776,42.539574],[121.723661,42.457667],[121.646095,42.453585],[121.544447,42.535233],[121.368851,42.49999],[121.034246,42.260108],[120.912599,42.296566],[120.735091,42.227862],[120.627862,42.160373],[120.509161,42.148694],[120.468802,42.038003],[120.340179,41.965811],[120.14076,41.789284],[120.107584,41.706524],[120.0264,41.733835],[120.030328,41.860598],[119.960151,41.971754],[119.891886,41.999452],[119.808222,42.12022],[119.821451,42.208613],[119.629422,42.250548],[119.562759,42.371833],[119.335745,42.289409],[119.245259,42.191947],[119.365872,42.10048],[119.32174,41.965397],[119.330784,41.867548],[119.298641,41.777347],[119.315591,41.657819],[119.389747,41.472559],[119.361635,41.374994],[119.230997,41.273398]]}},{"type":"Feature","properties":{},"geometry":{"type":"LineString","coordinates":[[81.39403,17.806691],[81.245201,17.803694],[81.14774,17.83656],[81.044904,17.776073],[80.985579,17.840462],[80.978964,17.963943],[80.93752,18.086312],[80.852357,18.196357],[80.772259,18.232712],[80.696191,18.412287],[80.583433,18.541375],[80.502611,18.59995],[80.409077,18.588866],[80.319883,18.642247],[80.270377,18.71369]]}},{"type":"Feature","properties":{},"geometry":{"type":"LineString","coordinates":[[80.326709,35.503487],[80.276427,35.523452],[80.249176,35.479418],[80.258203,35.40833],[80.207051,35.312629],[80.101739,35.172556],[80.017489,35.096274],[80.038551,35.047022],[80.035543,34.980484],[79.990409,34.963225],[79.906159,34.945962],[79.879079,34.901555],[79.906159,34.854655],[79.948284,34.76819],[79.960372,34.657829],[79.897132,34.580125],[79.824918,34.466089],[79.767749,34.423906],[79.671463,34.438796],[79.560133,34.473531],[79.45783,34.47105],[79.343491,34.431351],[79.202071,34.441278],[79.048616,34.389151],[78.953633,34.325862]]}},{"type":"Feature","properties":{},"geometry":{"type":"LineString","coordinates":[[92.073023,26.915504],[92.20369,26.91633],[92.468385,26.966384],[92.620785,27.03785],[92.717038,27.052138],[92.909543,27.030706],[92.965691,26.973532],[93.094028,26.959234],[93.414871,26.994976],[93.503102,26.973532],[93.683905,26.981815],[93.839987,27.109272],[93.896626,27.242834],[94.126582,27.453112],[94.207511,27.538216],[94.233019,27.629263],[94.289167,27.622156],[94.414456,27.583372],[94.667018,27.651749],[94.959279,27.773374]]}},{"type":"Feature","properties":{},"geometry":{"type":"LineString","coordinates":[[116.875636,39.686467],[116.922197,39.773593],[116.78143,39.889659],[116.744223,39.959008],[116.829386,40.036678],[116.987671,40.034353],[117.239077,40.092618]]}},{"type":"Feature","properties":{},"geometry":{"type":"LineString","coordinates":[[116.793419,39.602312],[116.791249,39.492939],[116.853467,39.341423],[116.82613,39.216547],[116.891811,39.102523],[116.712184,39.011831],[116.68061,38.915945],[116.71084,38.820525],[116.880752,38.699395],[117.021054,38.708232],[117.0949,38.611752],[117.189416,38.605809],[117.271323,38.559249],[117.557813,38.625146]]}},{"type":"Feature","properties":{},"geometry":{"type":"LineString","coordinates":[[117.239077,40.092618],[117.147506,39.948001],[117.202903,39.761604],[117.152777,39.618409],[116.875636,39.686467]]}}]}